ID_Bomba,Nivel_Amenaza,Energia,Frecuencia,Hex_Cable,Agente,Sensor_ID,Timestamp,Ciudad,Sector,Prioridad,Estado
B-03,18,65,198,G,AG-009,901,2026-01-15 09:58:56,Madrid,Sur,Crítica,Verificado
B-05,12,65,111,G,AG-018,501,2026-01-15 10:01:08,Cuenca,Centro,Crítica,Pendiente
B-04,14,47,280,B,AG-987,401,2026-01-15 10:00:22,Bogotá,Este,Media,Inactivo
B-03,15,60,182,R,AG-009,201,2026-01-15 10:02:38,Porto,Norte,Media,Inactivo
B-01,10,52,226,R,AG-716,301,2026-01-15 09:59:33,Madrid,Este,Alta,Verificado
B-03,13,42,203,R,AG-378,201,2026-01-15 10:00:55,Madrid,Oeste,Crítica,Inactivo
B-02,14,44,158,R,AG-738,601,2026-01-15 10:00:25,Madrid,Oeste,Crítica,Verificado
B-03,19,70,185,R,AG-011,501,2026-01-15 09:59:38,Madrid,Sur,Media,Inactivo
B-01,11,47,245,G,AG-341,101,2026-01-15 10:00:52,Madrid,Norte,Alta,Inactivo
B-05,12,56,181,G,AG-016,501,2026-01-15 10:01:15,Quito,Centro,Crítica,Activo
B-04,19,41,300,G,AG-840,401,2026-01-15 10:00:18,Bogotá,Centro,Crítica,Pendiente
B-05,6,43,193,R,AG-722,901,2026-01-15 09:58:57,Guayaquil,Centro,Crítica,Activo
B-02,10,56,234,B,AG-008,901,2026-01-15 10:00:46,Madrid,Norte,Crítica,Activo
B-04,20,35,255,G,AG-678,201,2026-01-15 09:58:12,Bogotá,Centro,Media,Inactivo
B-03,8,41,204,R,AG-467,301,2026-01-15 09:59:47,Lisboa,Sur,Baja,Activo
B-07,12,44,136,R,AG-328,501,2026-01-15 10:00:22,Barcelona,Centro,Media,Pendiente
B-05,13,55,146,B,AG-018,801,2026-01-15 09:58:54,Cuenca,Centro,Crítica,Inactivo
B-04,15,41,258,G,AG-329,301,2026-01-15 10:00:20,Bogotá,Oeste,Media,Activo
B-06,11,53,242,R,AG-339,801,2026-01-15 10:00:08,Quito,Sur,Crítica,Activo
B-05,11,50,184,B,AG-567,601,2026-01-15 10:00:58,Quito,Norte,Alta,Inactivo
B-02,14,43,167,B,AG-808,901,2026-01-15 10:00:51,Sevilla,Oeste,Media,Pendiente
B-06,18,41,258,R,AG-730,201,2026-01-15 10:01:27,Lima,Norte,Media,Verificado
B-07,12,47,172,G,AG-966,601,2026-01-15 09:59:16,Barcelona,Centro,Media,Activo
B-06,10,63,288,B,AG-019,901,2026-01-15 09:57:45,La Paz,Sur,Baja,Activo
B-04,15,41,225,R,AG-829,201,2026-01-15 09:56:32,Bogotá,Este,Baja,Pendiente
B-01,12,54,235,R,AG-002,401,2026-01-15 10:00:15,Bogotá,Centro,Baja,Pendiente
B-02,11,59,155,R,AG-008,201,2026-01-15 09:59:15,Sevilla,Oeste,Crítica,Pendiente
B-01,11,47,277,R,AG-314,901,2026-01-15 10:00:03,Lima,Centro,Alta,Activo
B-03,9,37,215,B,AG-896,201,2026-01-15 10:00:24,Madrid,Oeste,Baja,Activo
B-02,11,59,166,R,AG-223,801,2026-01-15 10:00:15,Madrid,Este,Crítica,Inactivo
B-01,17,66,189,G,AG-003,101,2026-01-15 09:59:33,Lima,Oeste,Media,Verificado
B-03,5,41,218,R,AG-528,701,2026-01-15 10:00:03,Lisboa,Sur,Alta,Pendiente
B-04,15,44,252,R,AG-145,901,2026-01-15 09:59:21,Bogotá,Oeste,Alta,Inactivo
B-06,13,54,240,R,AG-021,401,2026-01-15 10:00:56,Quito,Sur,Crítica,Activo
B-01,14,58,238,G,AG-786,701,2026-01-15 10:00:06,Bogotá,Este,Alta,Inactivo
B-05,11,59,182,G,AG-017,601,2026-01-15 10:00:58,Ambato,Norte,Crítica,Activo
B-04,14,39,300,G,AG-322,101,2026-01-15 09:58:16,Medellín,Norte,Baja,Verificado
B-03,19,62,244,G,AG-370,201,2026-01-15 10:00:52,Madrid,Centro,Alta,Verificado
B-07,5,53,159,G,AG-023,601,2026-01-15 09:59:52,Barcelona,Sur,Crítica,Inactivo
B-03,7,44,173,R,AG-382,201,2026-01-15 09:59:04,Madrid,Oeste,Alta,Activo
B-06,12,54,213,R,AG-020,901,2026-01-15 10:02:46,Quito,Norte,Crítica,Activo
B-05,10,56,122,R,AG-523,701,2026-01-15 10:00:05,Quito,Oeste,Media,Verificado
B-05,7,57,135,G,AG-556,501,2026-01-15 09:59:29,Ambato,Norte,Crítica,Pendiente
B-05,10,54,135,G,AG-017,501,2026-01-15 10:00:09,Ambato,Este,Crítica,Activo
B-01,12,54,183,B,AG-002,901,2026-01-15 10:00:23,Bogotá,Este,Alta,Inactivo
B-02,13,48,177,B,AG-278,501,2026-01-15 10:00:47,Valencia,Oeste,Alta,Pendiente
B-01,14,56,202,G,AG-002,401,2026-01-15 09:59:33,Bogotá,Oeste,Baja,Pendiente
B-04,12,55,247,G,AG-014,201,2026-01-15 09:58:26,Medellín,Norte,Media,Activo
B-07,9,55,125,G,AG-180,401,2026-01-15 10:00:00,Málaga,Este,Crítica,Activo
B-07,5,55,155,G,AG-024,501,2026-01-15 10:00:12,Barcelona,Norte,Alta,Pendiente
B-07,14,30,172,B,AG-365,101,2026-01-15 10:01:06,Barcelona,Oeste,Baja,Activo
B-03,13,52,169,B,AG-011,201,2026-01-15 09:59:34,Madrid,Sur,Crítica,Inactivo
B-05,13,50,163,G,AG-915,501,2026-01-15 10:03:28,Cuenca,Este,Crítica,Pendiente
B-06,13,50,220,R,AG-531,201,2026-01-15 09:59:54,Lima,Oeste,Media,Verificado
B-03,14,55,179,B,AG-011,901,2026-01-15 10:00:24,Madrid,Este,Crítica,Inactivo
B-05,12,63,158,G,AG-016,901,2026-01-15 10:02:27,Guayaquil,Centro,Alta,Activo
B-01,9,46,156,G,AG-177,101,2026-01-15 09:59:49,Bogotá,Sur,Alta,Pendiente
B-02,13,54,214,R,AG-006,501,2026-01-15 09:59:00,Valencia,Sur,Baja,Inactivo
B-04,9,70,275,G,AG-015,201,2026-01-15 10:00:35,Bogotá,Norte,Media,Pendiente
B-07,5,60,161,R,AG-024,401,2026-01-15 10:00:16,Barcelona,Centro,Alta,Pendiente
B-06,14,46,225,B,AG-849,401,2026-01-15 10:00:58,Quito,Centro,Baja,Verificado
B-03,20,62,253,R,AG-010,201,2026-01-15 09:59:44,Lisboa,Oeste,Baja,Pendiente
B-04,13,47,239,G,AG-222,901,2026-01-15 10:00:48,Bogotá,Centro,Baja,Inactivo
B-05,14,60,141,R,AG-017,701,2026-01-15 09:59:46,Quito,Centro,Baja,Inactivo
B-01,16,63,190,R,AG-002,101,2026-01-15 10:00:40,Bogotá,Este,Baja,Inactivo
B-06,11,50,216,R,AG-760,201,2026-01-15 09:59:23,Lima,Sur,Baja,Pendiente
B-05,11,61,197,G,AG-018,501,2026-01-15 09:58:24,Cuenca,Centro,Alta,Pendiente
B-07,15,30,152,G,AG-827,201,2026-01-15 09:59:37,Málaga,Oeste,Alta,Activo
B-07,8,52,137,G,AG-022,101,2026-01-15 10:01:36,Barcelona,Norte,Media,Inactivo
B-04,13,40,226,G,AG-185,301,2026-01-15 10:01:15,Medellín,Oeste,Media,Pendiente
B-05,12,54,170,B,AG-869,301,2026-01-15 10:02:20,Quito,Este,Alta,Inactivo
B-06,15,43,203,R,AG-274,201,2026-01-15 10:02:43,Lima,Este,Media,Pendiente
B-03,5,37,198,R,AG-377,501,2026-01-15 09:56:23,Porto,Sur,Alta,Pendiente
B-06,16,42,300,R,AG-775,201,2026-01-15 09:57:10,Quito,Norte,Baja,Activo
B-04,11,57,300,B,AG-264,201,2026-01-15 09:58:50,Cali,Centro,Alta,Activo
B-03,5,37,168,G,AG-819,701,2026-01-15 09:58:59,Madrid,Sur,Crítica,Verificado
B-07,6,57,199,G,AG-022,401,2026-01-15 10:00:24,Zaragoza,Norte,Crítica,Activo
B-02,17,49,162,R,AG-857,401,2026-01-15 09:57:23,Madrid,Oeste,Alta,Inactivo
B-07,7,57,176,R,AG-024,901,2026-01-15 10:01:55,Valencia,Norte,Media,Inactivo
B-04,18,36,249,G,AG-330,301,2026-01-15 09:59:43,Bogotá,Este,Crítica,Verificado
B-01,13,56,199,G,AG-001,201,2026-01-15 09:59:27,Bogotá,Oeste,Alta,Activo
B-06,9,58,228,R,AG-019,201,2026-01-15 10:01:22,Quito,Centro,Media,Activo
B-03,15,52,207,R,AG-010,601,2026-01-15 09:59:35,Madrid,Este,Media,Pendiente
B-02,15,45,172,R,AG-332,501,2026-01-15 09:57:30,Madrid,Este,Alta,Pendiente
B-03,9,33,197,B,AG-257,201,2026-01-15 10:01:49,Madrid,Norte,Media,Inactivo
B-02,14,56,171,R,AG-008,501,2026-01-15 10:00:31,Madrid,Este,Media,Pendiente
B-07,10,43,99,G,AG-948,401,2026-01-15 09:59:59,Barcelona,Sur,Baja,Activo
B-07,8,52,113,G,AG-022,401,2026-01-15 10:00:08,Málaga,Centro,Alta,Inactivo
B-02,11,50,146,R,AG-593,501,2026-01-15 09:58:57,Valencia,Centro,Media,Pendiente
B-01,13,62,224,G,AG-003,501,2026-01-15 10:00:30,Bogotá,Este,Alta,Inactivo
B-01,16,63,177,G,AG-004,101,2026-01-15 10:00:00,Bogotá,Centro,Baja,Activo
B-05,8,54,192,B,AG-662,501,2026-01-15 09:58:37,Quito,Norte,Baja,Pendiente
B-01,17,69,192,G,AG-004,201,2026-01-15 09:58:28,Caracas,Oeste,Crítica,Inactivo
B-02,12,54,240,R,AG-935,501,2026-01-15 10:00:06,Barcelona,Este,Alta,Pendiente
B-04,16,41,261,R,AG-688,901,2026-01-15 09:59:04,Medellín,Centro,Media,Verificado
B-06,15,50,245,R,AG-159,401,2026-01-15 10:00:43,Santiago,Centro,Media,Pendiente
B-05,10,58,185,G,AG-016,501,2026-01-15 09:58:45,Quito,Centro,Media,Pendiente
B-04,15,49,205,G,AG-871,201,2026-01-15 10:02:20,Medellín,Centro,Baja,Activo
B-02,14,47,183,B,AG-780,201,2026-01-15 09:58:50,Barcelona,Este,Alta,Verificado
B-04,13,53,233,R,AG-014,201,2026-01-15 09:58:56,Bogotá,Norte,Baja,Activo
B-01,18,63,226,R,AG-004,101,2026-01-15 10:00:11,Bogotá,Oeste,Alta,Verificado
B-01,13,57,235,G,AG-001,401,2026-01-15 10:00:31,Caracas,Norte,Alta,Verificado
B-05,13,63,131,G,AG-016,201,2026-01-15 10:00:30,Quito,Este,Media,Activo
B-04,20,37,269,G,AG-354,801,2026-01-15 09:57:48,Bogotá,Oeste,Crítica,Activo
B-01,6,47,200,R,AG-761,101,2026-01-15 10:00:07,Bogotá,Oeste,Media,Pendiente
B-01,13,70,217,G,AG-004,801,2026-01-15 10:01:08,Bogotá,Sur,Crítica,Pendiente
B-07,17,36,132,G,AG-923,401,2026-01-15 09:58:05,Zaragoza,Norte,Crítica,Inactivo
B-01,16,66,200,G,AG-001,601,2026-01-15 10:01:34,Bogotá,Oeste,Media,Pendiente
B-01,12,59,244,G,AG-939,701,2026-01-15 10:01:31,Caracas,Este,Baja,Pendiente
B-04,11,50,276,B,AG-214,101,2026-01-15 10:00:24,Cartagena,Este,Baja,Pendiente
B-07,13,43,150,G,AG-995,201,2026-01-15 10:00:04,Málaga,Este,Media,Activo
B-07,5,55,211,G,AG-022,401,2026-01-15 09:59:56,Málaga,Sur,Media,Inactivo
B-01,5,46,223,G,AG-875,101,2026-01-15 09:58:54,Lima,Oeste,Media,Inactivo
B-02,12,48,199,R,AG-208,701,2026-01-15 09:59:39,Barcelona,Sur,Baja,Activo
B-05,9,51,163,R,AG-016,301,2026-01-15 10:00:58,Quito,Centro,Crítica,Activo
B-06,6,70,251,R,AG-747,801,2026-01-15 09:57:18,Santiago,Norte,Baja,Activo
B-06,15,47,222,R,AG-152,201,2026-01-15 10:01:17,Santiago,Sur,Alta,Pendiente
B-06,8,64,264,R,AG-021,201,2026-01-15 09:59:40,La Paz,Sur,Crítica,Pendiente
B-06,10,51,249,R,AG-019,201,2026-01-15 10:01:58,Quito,Centro,Alta,Verificado
B-07,11,49,165,B,AG-446,401,2026-01-15 10:00:46,Barcelona,Norte,Crítica,Pendiente
B-03,9,47,200,R,AG-867,601,2026-01-15 09:59:01,Madrid,Centro,Alta,Inactivo
B-04,13,41,259,R,AG-632,201,2026-01-15 09:57:46,Medellín,Oeste,Crítica,Inactivo
B-05,12,60,189,B,AG-017,201,2026-01-15 10:02:03,Quito,Norte,Crítica,Inactivo
B-06,12,53,265,G,AG-021,401,2026-01-15 10:00:27,Quito,Oeste,Baja,Inactivo
B-02,12,52,221,R,AG-007,901,2026-01-15 10:00:04,Madrid,Oeste,Media,Pendiente
B-07,13,43,194,G,AG-723,101,2026-01-15 10:01:09,Málaga,Norte,Media,Pendiente
B-01,11,47,238,R,AG-680,501,2026-01-15 10:00:27,Bogotá,Centro,Crítica,Pendiente
B-02,15,41,222,R,AG-265,501,2026-01-15 10:00:52,Madrid,Sur,Baja,Verificado
B-01,10,52,219,G,AG-002,801,2026-01-15 09:59:06,Bogotá,Centro,Crítica,Verificado
B-06,10,51,280,R,AG-019,601,2026-01-15 09:59:25,Quito,Este,Crítica,Verificado
B-02,14,44,231,G,AG-891,701,2026-01-15 10:00:08,Madrid,Este,Alta,Pendiente
B-01,10,60,233,G,AG-001,101,2026-01-15 10:01:43,Bogotá,Este,Baja,Inactivo
B-07,9,49,154,R,AG-487,701,2026-01-15 10:03:04,Málaga,Centro,Alta,Pendiente
B-02,14,53,185,R,AG-008,501,2026-01-15 09:59:38,Madrid,Norte,Crítica,Verificado
B-05,9,48,167,G,AG-937,801,2026-01-15 10:00:12,Quito,Sur,Baja,Activo
B-02,15,49,205,B,AG-725,501,2026-01-15 09:59:28,Barcelona,Centro,Crítica,Verificado
B-07,14,44,199,R,AG-360,401,2026-01-15 09:59:59,Valencia,Oeste,Baja,Pendiente
B-06,12,43,257,G,AG-455,901,2026-01-15 09:59:30,La Paz,Este,Media,Inactivo
B-01,14,63,176,R,AG-548,101,2026-01-15 09:58:41,Bogotá,Sur,Crítica,Inactivo
B-06,10,63,276,B,AG-020,201,2026-01-15 09:58:23,La Paz,Norte,Alta,Verificado
B-02,13,45,178,R,AG-507,501,2026-01-15 10:01:00,Madrid,Oeste,Baja,Pendiente
B-01,17,67,206,G,AG-002,101,2026-01-15 10:00:26,Bogotá,Norte,Media,Pendiente
B-02,14,46,197,G,AG-613,301,2026-01-15 10:01:15,Sevilla,Este,Media,Verificado
B-01,9,48,201,G,AG-760,101,2026-01-15 10:01:05,Lima,Oeste,Alta,Activo
B-07,7,57,176,G,AG-704,401,2026-01-15 09:57:52,Barcelona,Centro,Media,Pendiente
B-01,11,44,167,R,AG-212,501,2026-01-15 09:59:01,Bogotá,Centro,Crítica,Activo
B-04,14,46,282,B,AG-199,401,2026-01-15 09:59:28,Bogotá,Este,Alta,Activo
B-03,16,63,157,R,AG-009,201,2026-01-15 09:58:37,Lisboa,Oeste,Crítica,Verificado
B-07,8,52,168,B,AG-023,301,2026-01-15 10:00:27,Barcelona,Centro,Media,Pendiente
B-06,15,46,217,B,AG-538,301,2026-01-15 10:01:18,Quito,Este,Baja,Activo
B-04,12,48,235,G,AG-705,201,2026-01-15 09:57:54,Bogotá,Sur,Crítica,Activo
B-03,13,57,190,G,AG-656,801,2026-01-15 09:58:18,Bilbao,Sur,Alta,Activo
B-02,16,32,115,G,AG-599,501,2026-01-15 10:00:22,Barcelona,Este,Baja,Verificado
B-07,11,42,127,G,AG-112,501,2026-01-15 10:02:11,Barcelona,Oeste,Media,Inactivo
B-03,9,34,196,R,AG-242,701,2026-01-15 10:01:51,Porto,Norte,Alta,Verificado
B-06,11,49,254,R,AG-936,301,2026-01-15 10:02:06,Santiago,Oeste,Baja,Inactivo
B-04,12,49,238,R,AG-969,801,2026-01-15 09:59:41,Bogotá,Norte,Media,Verificado
B-05,12,57,174,B,AG-017,301,2026-01-15 09:59:57,Quito,Centro,Baja,Pendiente
B-05,13,57,179,B,AG-017,901,2026-01-15 10:00:07,Guayaquil,Centro,Baja,Activo
B-04,14,45,229,G,AG-297,801,2026-01-15 10:01:38,Bogotá,Sur,Alta,Inactivo
B-04,9,53,244,B,AG-012,601,2026-01-15 09:57:24,Medellín,Centro,Crítica,Verificado
B-04,15,39,213,B,AG-716,201,2026-01-15 10:00:27,Medellín,Oeste,Alta,Activo
B-01,12,51,204,G,AG-746,101,2026-01-15 09:59:58,Bogotá,Oeste,Alta,Verificado
B-03,13,45,208,R,AG-465,201,2026-01-15 09:59:05,Madrid,Oeste,Crítica,Pendiente
B-02,13,43,212,R,AG-592,501,2026-01-15 10:00:13,Sevilla,Centro,Media,Pendiente
B-04,15,51,245,G,AG-013,601,2026-01-15 09:59:40,Bogotá,Oeste,Baja,Pendiente
B-06,11,43,295,R,AG-488,701,2026-01-15 09:58:58,La Paz,Centro,Crítica,Verificado
B-03,18,60,172,R,AG-009,901,2026-01-15 09:59:33,Lisboa,Norte,Alta,Pendiente
B-04,9,60,257,G,AG-015,201,2026-01-15 09:59:13,Bogotá,Sur,Alta,Activo
B-06,13,52,256,R,AG-021,701,2026-01-15 09:57:59,La Paz,Centro,Media,Verificado
B-04,12,53,241,G,AG-015,201,2026-01-15 10:01:47,Bogotá,Sur,Crítica,Verificado
B-03,17,57,151,R,AG-011,701,2026-01-15 09:58:40,Bilbao,Norte,Crítica,Activo
B-07,15,35,147,G,AG-554,401,2026-01-15 10:01:05,Zaragoza,Sur,Media,Inactivo
B-04,14,52,215,G,AG-012,201,2026-01-15 09:59:37,Bogotá,Sur,Crítica,Activo
B-04,13,42,300,R,AG-701,801,2026-01-15 09:58:25,Medellín,Este,Alta,Inactivo
B-04,11,55,198,G,AG-013,801,2026-01-15 09:59:13,Bogotá,Centro,Alta,Pendiente
B-03,10,54,217,B,AG-489,101,2026-01-15 10:00:02,Porto,Oeste,Crítica,Pendiente
B-07,5,55,186,G,AG-024,301,2026-01-15 10:01:40,Barcelona,Este,Media,Activo
B-07,10,51,213,G,AG-023,401,2026-01-15 10:00:54,Barcelona,Oeste,Media,Activo
B-02,11,51,123,R,AG-007,501,2026-01-15 09:59:06,Madrid,Este,Alta,Verificado
B-05,13,70,178,G,AG-940,501,2026-01-15 10:00:52,Quito,Oeste,Alta,Activo
B-05,9,53,111,B,AG-016,601,2026-01-15 10:01:21,Quito,Norte,Alta,Verificado
B-05,10,58,189,G,AG-017,101,2026-01-15 10:00:09,Quito,Norte,Alta,Activo
B-07,10,53,146,G,AG-022,601,2026-01-15 09:59:31,Valencia,Sur,Crítica,Activo
B-07,13,43,177,G,AG-519,401,2026-01-15 10:00:14,Valencia,Norte,Crítica,Activo
B-03,20,64,153,R,AG-011,201,2026-01-15 10:00:42,Porto,Norte,Alta,Verificado
B-01,17,63,209,G,AG-001,701,2026-01-15 09:59:56,Caracas,Este,Crítica,Activo
B-06,8,54,285,R,AG-213,801,2026-01-15 10:00:21,Quito,Oeste,Crítica,Inactivo
B-01,12,59,199,G,AG-293,901,2026-01-15 10:00:27,Bogotá,Centro,Crítica,Activo
B-01,12,57,204,G,AG-003,101,2026-01-15 09:58:20,Bogotá,Sur,Media,Verificado
B-03,20,67,157,R,AG-454,201,2026-01-15 10:00:18,Madrid,Oeste,Alta,Activo
B-01,15,60,188,G,AG-004,501,2026-01-15 09:58:43,Caracas,Norte,Crítica,Pendiente
B-01,12,53,195,G,AG-004,801,2026-01-15 10:00:31,Bogotá,Sur,Baja,Activo
B-07,20,30,165,B,AG-384,701,2026-01-15 10:00:05,Zaragoza,Norte,Alta,Inactivo
B-01,7,47,231,G,AG-171,101,2026-01-15 10:01:32,Bogotá,Este,Baja,Inactivo
B-02,11,54,213,G,AG-007,601,2026-01-15 10:00:41,Sevilla,Sur,Crítica,Pendiente
B-03,15,57,182,B,AG-010,101,2026-01-15 10:00:09,Lisboa,Norte,Media,Activo
B-02,16,38,200,R,AG-532,901,2026-01-15 10:01:29,Madrid,Centro,Alta,Pendiente
B-03,14,52,104,R,AG-009,201,2026-01-15 10:00:01,Bilbao,Este,Media,Pendiente
B-03,19,70,212,R,AG-009,201,2026-01-15 10:01:55,Madrid,Sur,Crítica,Activo
B-03,12,55,212,R,AG-010,201,2026-01-15 10:01:33,Madrid,Centro,Media,Pendiente
B-07,5,56,186,B,AG-024,701,2026-01-15 09:59:50,Barcelona,Oeste,Alta,Inactivo
B-07,10,47,175,G,AG-450,401,2026-01-15 10:00:11,Barcelona,Norte,Baja,Inactivo
B-03,17,61,160,R,AG-010,501,2026-01-15 09:59:40,Lisboa,Este,Crítica,Activo
B-03,8,50,110,R,AG-580,201,2026-01-15 09:59:39,Bilbao,Sur,Crítica,Inactivo
B-05,12,57,150,R,AG-017,801,2026-01-15 09:59:08,Quito,Sur,Media,Verificado
B-04,14,44,138,R,AG-975,201,2026-01-15 10:02:29,Bogotá,Oeste,Baja,Verificado
B-03,9,37,220,B,AG-685,201,2026-01-15 10:00:50,Madrid,Centro,Alta,Pendiente
B-05,9,50,118,B,AG-571,801,2026-01-15 09:58:24,Quito,Norte,Crítica,Pendiente
B-02,12,54,201,R,AG-008,601,2026-01-15 10:01:04,Barcelona,Norte,Alta,Verificado
B-04,14,41,284,G,AG-607,101,2026-01-15 10:00:17,Cali,Centro,Media,Verificado
B-07,7,54,117,G,AG-022,301,2026-01-15 10:00:30,Barcelona,Norte,Baja,Activo
B-04,14,48,208,G,AG-128,101,2026-01-15 09:56:35,Cartagena,Este,Alta,Activo
B-03,13,51,180,R,AG-011,101,2026-01-15 10:00:23,Lisboa,Norte,Media,Activo
B-05,7,48,187,R,AG-667,601,2026-01-15 09:58:48,Quito,Sur,Crítica,Inactivo
B-01,14,60,224,G,AG-004,101,2026-01-15 09:58:18,Bogotá,Norte,Baja,Pendiente
B-05,10,58,164,G,AG-018,501,2026-01-15 09:58:14,Guayaquil,Norte,Alta,Pendiente
B-06,10,51,196,B,AG-020,201,2026-01-15 10:01:47,Quito,Oeste,Baja,Inactivo
B-01,13,62,202,G,AG-003,101,2026-01-15 09:58:31,Lima,Norte,Crítica,Pendiente
B-07,9,45,126,G,AG-768,601,2026-01-15 09:59:04,Barcelona,Este,Crítica,Inactivo
B-04,15,47,300,G,AG-522,701,2026-01-15 09:59:20,Medellín,Oeste,Crítica,Activo
B-05,12,54,175,R,AG-018,101,2026-01-15 09:59:09,Quito,Oeste,Crítica,Activo
B-07,14,37,211,R,AG-871,401,2026-01-15 10:00:50,Zaragoza,Este,Baja,Pendiente
B-04,10,59,257,G,AG-015,501,2026-01-15 10:01:07,Bogotá,Sur,Baja,Activo
B-03,14,54,186,R,AG-149,201,2026-01-15 09:59:41,Madrid,Centro,Media,Inactivo
B-07,5,53,151,R,AG-022,201,2026-01-15 10:00:43,Málaga,Sur,Baja,Verificado
B-05,10,52,216,G,AG-736,301,2026-01-15 10:01:05,Quito,Norte,Alta,Inactivo
B-04,15,34,232,G,AG-824,201,2026-01-15 10:01:33,Cartagena,Este,Baja,Verificado
B-03,16,61,216,R,AG-011,201,2026-01-15 09:59:28,Madrid,Este,Alta,Verificado
B-03,11,46,266,G,AG-119,901,2026-01-15 09:59:19,Madrid,Oeste,Baja,Pendiente
B-03,18,65,185,R,AG-010,201,2026-01-15 09:58:44,Bilbao,Este,Media,Pendiente
B-03,8,44,216,G,AG-343,301,2026-01-15 09:58:24,Porto,Centro,Crítica,Inactivo
B-07,8,52,125,G,AG-703,601,2026-01-15 09:59:20,Valencia,Oeste,Crítica,Verificado
B-03,15,59,162,R,AG-009,301,2026-01-15 10:00:32,Bilbao,Oeste,Media,Pendiente
B-02,14,48,131,R,AG-317,501,2026-01-15 10:00:12,Madrid,Oeste,Media,Activo
B-05,11,60,169,R,AG-016,701,2026-01-15 10:01:20,Quito,Centro,Crítica,Verificado
B-01,13,66,240,G,AG-004,401,2026-01-15 10:00:27,Caracas,Oeste,Alta,Activo
B-04,17,40,198,G,AG-607,901,2026-01-15 10:00:28,Bogotá,Sur,Media,Pendiente
B-03,14,50,206,R,AG-393,401,2026-01-15 09:58:26,Bilbao,Sur,Crítica,Pendiente
B-05,10,60,203,G,AG-016,601,2026-01-15 10:00:19,Guayaquil,Oeste,Crítica,Verificado
B-06,13,45,300,R,AG-537,601,2026-01-15 10:02:46,Quito,Centro,Crítica,Inactivo
B-07,5,60,185,G,AG-022,201,2026-01-15 10:01:58,Málaga,Norte,Media,Pendiente
B-05,8,50,233,B,AG-345,501,2026-01-15 10:01:14,Cuenca,Norte,Alta,Verificado
B-02,14,50,139,R,AG-866,901,2026-01-15 09:59:36,Valencia,Sur,Crítica,Pendiente
B-03,13,41,206,R,AG-576,201,2026-01-15 09:59:25,Porto,Sur,Alta,Inactivo
B-06,19,38,260,B,AG-943,301,2026-01-15 10:01:10,Quito,Sur,Media,Activo
B-03,11,52,188,G,AG-010,801,2026-01-15 09:58:29,Madrid,Sur,Crítica,Pendiente
B-02,14,56,148,R,AG-006,901,2026-01-15 10:00:18,Barcelona,Este,Media,Pendiente
B-07,8,54,189,G,AG-022,301,2026-01-15 09:59:41,Barcelona,Oeste,Baja,Verificado
B-02,15,48,201,G,AG-648,501,2026-01-15 10:00:38,Barcelona,Norte,Crítica,Pendiente
B-05,9,55,196,G,AG-016,801,2026-01-15 09:58:51,Ambato,Oeste,Media,Verificado
B-02,13,53,180,R,AG-007,501,2026-01-15 10:00:29,Barcelona,Norte,Alta,Inactivo
B-05,8,50,119,B,AG-544,501,2026-01-15 10:00:07,Guayaquil,Norte,Media,Pendiente
B-04,12,47,246,G,AG-709,401,2026-01-15 09:59:29,Medellín,Sur,Baja,Pendiente
B-02,11,65,174,R,AG-006,901,2026-01-15 09:58:25,Barcelona,Centro,Media,Activo
B-06,14,56,271,R,AG-021,301,2026-01-15 10:00:13,Lima,Este,Media,Pendiente
B-01,13,57,216,G,AG-002,801,2026-01-15 09:59:05,Madrid,Oeste,Crítica,Verificado
B-03,14,48,187,R,AG-346,301,2026-01-15 09:58:05,Porto,Centro,Crítica,Inactivo
B-06,14,49,283,R,AG-618,401,2026-01-15 10:01:59,Santiago,Centro,Alta,Inactivo
B-02,13,55,149,R,AG-006,901,2026-01-15 10:01:23,Madrid,Centro,Media,Pendiente
B-04,17,39,256,G,AG-747,501,2026-01-15 10:00:50,Cartagena,Oeste,Crítica,Verificado
B-04,12,46,229,G,AG-249,201,2026-01-15 09:58:21,Bogotá,Norte,Media,Pendiente
B-01,6,36,246,R,AG-322,101,2026-01-15 10:01:19,Madrid,Centro,Alta,Verificado
B-02,12,49,178,R,AG-498,701,2026-01-15 10:02:50,Sevilla,Norte,Media,Verificado
B-02,14,45,159,B,AG-490,501,2026-01-15 10:00:02,Madrid,Oeste,Baja,Verificado
B-03,18,70,128,G,AG-010,201,2026-01-15 10:01:00,Madrid,Norte,Baja,Pendiente
B-05,8,58,200,B,AG-194,701,2026-01-15 10:00:48,Quito,Oeste,Alta,Verificado
B-06,11,52,279,G,AG-020,301,2026-01-15 10:02:30,Santiago,Sur,Crítica,Verificado
B-03,14,53,137,G,AG-011,201,2026-01-15 10:00:22,Bilbao,Oeste,Crítica,Activo
B-05,9,50,223,B,AG-148,101,2026-01-15 10:01:00,Quito,Este,Baja,Activo
B-04,14,45,246,R,AG-864,101,2026-01-15 10:00:22,Bogotá,Este,Media,Verificado
B-01,6,50,219,R,AG-240,101,2026-01-15 09:59:57,Bogotá,Norte,Baja,Verificado
B-05,9,63,123,G,AG-018,601,2026-01-15 10:03:18,Ambato,Oeste,Media,Pendiente
B-06,11,54,243,R,AG-020,201,2026-01-15 10:01:45,Lima,Oeste,Baja,Activo
B-02,16,30,203,R,AG-142,901,2026-01-15 09:59:44,Barcelona,Sur,Alta,Pendiente
B-05,12,62,131,G,AG-130,501,2026-01-15 10:00:15,Ambato,Sur,Crítica,Activo
B-06,6,60,282,G,AG-639,101,2026-01-15 09:59:27,Quito,Centro,Baja,Verificado
B-02,12,52,155,R,AG-006,701,2026-01-15 10:01:24,Sevilla,Sur,Crítica,Activo
B-02,11,61,144,R,AG-315,101,2026-01-15 10:01:03,Barcelona,Sur,Media,Activo
B-03,12,52,218,G,AG-010,301,2026-01-15 09:59:57,Porto,Sur,Alta,Pendiente
B-04,18,38,291,B,AG-226,401,2026-01-15 10:02:15,Medellín,Este,Crítica,Activo
B-03,18,58,210,R,AG-009,201,2026-01-15 10:00:04,Madrid,Sur,Alta,Inactivo
B-04,18,34,262,G,AG-416,201,2026-01-15 10:00:30,Bogotá,Centro,Alta,Activo
B-07,10,40,178,R,AG-515,601,2026-01-15 09:59:04,Barcelona,Sur,Baja,Verificado
B-02,16,48,172,R,AG-801,901,2026-01-15 10:01:25,Valencia,Norte,Media,Verificado
B-04,15,51,265,B,AG-013,101,2026-01-15 10:03:24,Cartagena,Este,Alta,Activo
B-03,16,53,158,R,AG-009,101,2026-01-15 09:59:09,Porto,Sur,Baja,Inactivo
B-01,15,59,150,G,AG-002,301,2026-01-15 10:00:42,Bogotá,Este,Baja,Verificado
B-01,11,52,203,G,AG-002,101,2026-01-15 10:00:13,Lima,Sur,Media,Activo
B-01,15,65,181,G,AG-001,101,2026-01-15 09:58:40,Madrid,Oeste,Crítica,Activo
B-05,11,63,202,G,AG-522,501,2026-01-15 10:00:11,Guayaquil,Norte,Crítica,Inactivo
B-02,14,47,201,R,AG-314,701,2026-01-15 10:01:04,Barcelona,Sur,Baja,Inactivo
B-02,16,50,163,R,AG-916,501,2026-01-15 09:59:45,Valencia,Oeste,Crítica,Verificado
B-06,14,47,246,B,AG-135,501,2026-01-15 10:00:19,Santiago,Oeste,Media,Activo
B-05,12,63,118,G,AG-018,501,2026-01-15 10:01:33,Cuenca,Centro,Crítica,Pendiente
B-03,10,50,192,B,AG-106,401,2026-01-15 10:00:22,Madrid,Norte,Baja,Activo
B-01,14,64,159,G,AG-002,601,2026-01-15 09:59:32,Madrid,Este,Media,Inactivo
B-01,13,62,225,G,AG-003,201,2026-01-15 10:00:27,Caracas,Sur,Crítica,Pendiente
B-07,12,43,183,R,AG-522,501,2026-01-15 10:00:04,Zaragoza,Norte,Baja,Activo
B-01,10,62,161,G,AG-004,801,2026-01-15 09:58:41,Bogotá,Sur,Alta,Verificado
B-04,15,46,199,G,AG-116,701,2026-01-15 09:58:37,Medellín,Sur,Crítica,Activo
B-03,11,51,190,B,AG-010,801,2026-01-15 09:58:29,Madrid,Oeste,Crítica,Inactivo
B-04,14,41,258,G,AG-151,201,2026-01-15 09:57:04,Bogotá,Este,Alta,Pendiente
B-04,20,34,238,G,AG-276,801,2026-01-15 10:01:22,Bogotá,Este,Media,Inactivo
B-04,13,51,250,B,AG-015,401,2026-01-15 10:01:44,Bogotá,Norte,Baja,Inactivo
B-06,7,58,278,R,AG-019,801,2026-01-15 09:59:48,Quito,Centro,Alta,Inactivo
B-03,11,48,161,G,AG-590,201,2026-01-15 09:59:47,Bilbao,Este,Crítica,Verificado
B-01,10,56,210,R,AG-164,101,2026-01-15 09:58:15,Bogotá,Norte,Crítica,Verificado
B-04,7,70,258,B,AG-891,701,2026-01-15 09:58:54,Bogotá,Este,Media,Verificado
B-01,14,62,213,G,AG-001,301,2026-01-15 10:00:36,Lima,Norte,Media,Inactivo
B-01,15,60,206,R,AG-001,801,2026-01-15 09:59:51,Bogotá,Centro,Media,Pendiente
B-06,12,59,233,R,AG-020,701,2026-01-15 10:02:03,Santiago,Centro,Alta,Verificado
B-06,10,56,274,R,AG-019,501,2026-01-15 10:00:43,Quito,Sur,Baja,Activo
B-03,19,70,175,B,AG-009,601,2026-01-15 09:59:33,Madrid,Sur,Baja,Verificado
B-07,12,43,142,G,AG-575,201,2026-01-15 09:59:37,Barcelona,Centro,Crítica,Inactivo
B-02,19,32,223,R,AG-124,101,2026-01-15 10:01:14,Barcelona,Centro,Alta,Inactivo
B-02,14,48,131,R,AG-172,301,2026-01-15 09:59:28,Barcelona,Este,Alta,Activo
B-04,17,40,207,G,AG-760,201,2026-01-15 09:59:40,Bogotá,Este,Alta,Verificado
B-04,16,34,253,R,AG-481,201,2026-01-15 09:59:55,Bogotá,Este,Baja,Inactivo
B-03,11,35,166,R,AG-631,101,2026-01-15 09:59:49,Madrid,Centro,Baja,Activo
B-04,11,55,300,G,AG-014,701,2026-01-15 10:01:45,Cartagena,Oeste,Alta,Activo
B-07,5,64,178,B,AG-022,801,2026-01-15 09:59:05,Barcelona,Norte,Media,Inactivo
B-06,13,38,256,R,AG-865,801,2026-01-15 09:59:31,Quito,Este,Baja,Inactivo
B-01,16,63,185,B,AG-003,101,2026-01-15 10:01:47,Bogotá,Sur,Alta,Pendiente
B-05,11,55,186,G,AG-016,301,2026-01-15 09:59:02,Cuenca,Centro,Alta,Activo
B-02,16,35,162,G,AG-301,501,2026-01-15 10:00:17,Madrid,Norte,Alta,Pendiente
B-03,12,51,148,G,AG-009,201,2026-01-15 09:58:39,Madrid,Norte,Media,Inactivo
B-05,14,62,206,G,AG-018,501,2026-01-15 10:00:33,Quito,Norte,Media,Activo
B-05,9,48,170,R,AG-221,501,2026-01-15 10:00:18,Quito,Norte,Media,Activo
B-01,12,58,221,G,AG-001,501,2026-01-15 10:00:21,Bogotá,Oeste,Media,Inactivo
B-06,12,53,243,R,AG-020,201,2026-01-15 10:02:19,La Paz,Este,Baja,Inactivo
B-02,14,44,170,G,AG-140,501,2026-01-15 09:59:01,Valencia,Este,Baja,Activo
B-05,11,51,211,G,AG-018,801,2026-01-15 10:00:08,Quito,Este,Crítica,Verificado
B-01,13,56,198,G,AG-003,401,2026-01-15 09:58:53,Caracas,Centro,Baja,Inactivo
B-03,11,46,177,G,AG-920,201,2026-01-15 10:01:35,Madrid,Sur,Alta,Verificado
B-04,15,42,265,R,AG-177,401,2026-01-15 09:58:37,Bogotá,Centro,Media,Pendiente
B-05,10,56,174,B,AG-810,901,2026-01-15 09:59:05,Ambato,Norte,Alta,Pendiente
B-02,12,52,184,R,AG-007,501,2026-01-15 10:00:03,Sevilla,Centro,Crítica,Inactivo
B-03,15,46,217,B,AG-916,401,2026-01-15 09:59:14,Madrid,Sur,Media,Activo
B-02,14,51,186,R,AG-008,501,2026-01-15 09:59:35,Madrid,Este,Baja,Verificado
B-06,7,65,286,R,AG-019,301,2026-01-15 10:01:47,La Paz,Este,Crítica,Verificado
B-04,18,32,222,R,AG-787,401,2026-01-15 10:02:03,Cali,Centro,Baja,Verificado
B-04,16,48,260,G,AG-780,201,2026-01-15 09:59:20,Cartagena,Centro,Alta,Pendiente
B-02,14,43,153,G,AG-248,701,2026-01-15 10:01:24,Madrid,Oeste,Alta,Verificado
B-07,7,46,168,G,AG-181,101,2026-01-15 10:00:44,Barcelona,Oeste,Media,Inactivo
B-03,13,52,148,R,AG-460,201,2026-01-15 10:00:51,Lisboa,Oeste,Alta,Activo
B-06,10,48,297,B,AG-115,301,2026-01-15 09:59:47,Quito,Sur,Crítica,Verificado
B-02,12,49,172,G,AG-584,801,2026-01-15 09:59:06,Sevilla,Sur,Media,Verificado
B-07,9,50,151,B,AG-590,601,2026-01-15 09:57:28,Barcelona,Norte,Baja,Inactivo
B-04,15,55,264,G,AG-778,301,2026-01-15 09:59:56,Cali,Sur,Baja,Verificado
B-03,16,52,195,R,AG-011,901,2026-01-15 10:01:18,Porto,Este,Media,Verificado
B-04,15,53,244,B,AG-013,501,2026-01-15 09:58:46,Bogotá,Este,Crítica,Activo
B-05,7,55,110,R,AG-016,901,2026-01-15 09:59:50,Ambato,Sur,Crítica,Verificado
B-04,15,43,246,G,AG-749,201,2026-01-15 09:58:52,Bogotá,Oeste,Media,Pendiente
B-05,13,60,183,G,AG-017,201,2026-01-15 10:01:09,Quito,Este,Crítica,Pendiente
B-01,14,60,168,G,AG-002,101,2026-01-15 09:59:56,Bogotá,Este,Alta,Pendiente
B-02,9,62,164,B,AG-007,901,2026-01-15 09:59:03,Valencia,Norte,Crítica,Activo
B-03,12,34,210,G,AG-867,801,2026-01-15 09:59:40,Lisboa,Este,Alta,Verificado
B-04,17,44,279,G,AG-141,501,2026-01-15 10:00:32,Cartagena,Norte,Alta,Activo
B-02,13,53,178,R,AG-008,801,2026-01-15 10:02:28,Madrid,Centro,Baja,Activo
B-03,15,54,151,R,AG-009,201,2026-01-15 10:00:17,Madrid,Centro,Crítica,Pendiente
B-05,14,59,254,G,AG-017,901,2026-01-15 09:57:13,Cuenca,Norte,Baja,Verificado
B-06,15,52,291,R,AG-019,301,2026-01-15 10:00:37,Lima,Oeste,Alta,Inactivo
B-06,14,47,257,R,AG-596,201,2026-01-15 10:00:37,Quito,Oeste,Baja,Inactivo
B-05,11,62,164,G,AG-016,401,2026-01-15 10:00:01,Quito,Centro,Crítica,Pendiente
B-07,12,44,143,B,AG-913,701,2026-01-15 09:58:30,Barcelona,Centro,Media,Activo
B-05,8,51,164,R,AG-018,501,2026-01-15 09:59:30,Quito,Centro,Baja,Pendiente
B-07,10,38,144,G,AG-202,201,2026-01-15 09:59:56,Barcelona,Centro,Crítica,Verificado
B-06,12,49,263,R,AG-409,101,2026-01-15 09:59:13,Quito,Centro,Crítica,Activo
B-04,11,58,232,R,AG-012,401,2026-01-15 09:58:41,Cartagena,Este,Alta,Verificado
B-04,7,70,272,B,AG-014,301,2026-01-15 09:59:12,Medellín,Norte,Media,Inactivo
B-05,8,54,262,G,AG-676,501,2026-01-15 10:00:19,Guayaquil,Norte,Alta,Activo
B-06,13,46,225,B,AG-561,201,2026-01-15 10:00:00,Quito,Este,Baja,Verificado
B-07,10,45,130,B,AG-306,401,2026-01-15 09:57:44,Málaga,Centro,Crítica,Activo
B-02,17,46,161,B,AG-916,301,2026-01-15 10:01:02,Madrid,Centro,Crítica,Inactivo
B-02,14,46,195,G,AG-914,701,2026-01-15 10:00:44,Madrid,Sur,Media,Activo
B-04,17,42,220,G,AG-573,801,2026-01-15 10:00:21,Cartagena,Norte,Alta,Activo
B-06,12,41,218,R,AG-680,201,2026-01-15 10:02:16,Quito,Este,Crítica,Pendiente
B-02,19,36,215,B,AG-871,301,2026-01-15 09:59:35,Madrid,Norte,Crítica,Verificado
B-06,11,47,295,G,AG-779,201,2026-01-15 09:59:14,Santiago,Centro,Baja,Inactivo
B-01,14,54,221,G,AG-001,501,2026-01-15 09:58:41,Lima,Sur,Crítica,Inactivo
B-01,7,41,199,G,AG-728,501,2026-01-15 10:02:13,Lima,Este,Alta,Activo
B-03,10,45,170,R,AG-457,901,2026-01-15 09:59:15,Madrid,Centro,Crítica,Pendiente
B-03,16,58,224,R,AG-944,601,2026-01-15 09:59:35,Porto,Este,Media,Inactivo
B-04,13,48,254,G,AG-128,101,2026-01-15 10:02:26,Bogotá,Norte,Media,Inactivo
B-04,18,33,239,B,AG-545,801,2026-01-15 10:00:42,Bogotá,Norte,Crítica,Inactivo
B-06,16,58,232,B,AG-019,201,2026-01-15 09:59:44,Quito,Norte,Crítica,Activo
B-01,12,52,249,B,AG-001,301,2026-01-15 10:00:13,Bogotá,Centro,Media,Activo
B-04,14,53,200,B,AG-015,101,2026-01-15 09:59:36,Cali,Centro,Crítica,Verificado
B-01,7,46,243,G,AG-869,101,2026-01-15 09:58:19,Lima,Este,Media,Inactivo
B-04,18,31,263,G,AG-765,201,2026-01-15 09:59:39,Cartagena,Sur,Media,Activo
B-03,5,40,194,G,AG-482,201,2026-01-15 09:58:12,Madrid,Sur,Media,Activo
B-04,15,43,284,R,AG-266,101,2026-01-15 09:55:59,Bogotá,Este,Alta,Pendiente
B-05,12,53,179,B,AG-016,801,2026-01-15 09:58:34,Guayaquil,Norte,Baja,Inactivo
B-04,12,52,251,R,AG-012,901,2026-01-15 09:58:24,Bogotá,Este,Crítica,Pendiente
B-06,14,56,300,R,AG-907,601,2026-01-15 09:57:27,La Paz,Centro,Crítica,Inactivo
B-06,10,60,253,G,AG-526,401,2026-01-15 10:01:33,Lima,Centro,Crítica,Verificado
B-01,13,56,219,G,AG-003,601,2026-01-15 10:01:31,Caracas,Centro,Media,Verificado
B-06,15,47,256,B,AG-995,501,2026-01-15 09:58:39,Santiago,Oeste,Baja,Pendiente
B-03,9,49,148,R,AG-217,301,2026-01-15 09:59:24,Bilbao,Centro,Media,Pendiente
B-03,18,58,199,R,AG-009,901,2026-01-15 09:59:31,Madrid,Sur,Media,Activo
B-06,16,45,274,R,AG-501,201,2026-01-15 09:59:33,Santiago,Norte,Crítica,Activo
B-04,16,46,300,B,AG-961,301,2026-01-15 09:56:49,Cali,Sur,Crítica,Verificado
B-03,13,47,135,B,AG-256,201,2026-01-15 10:00:07,Madrid,Sur,Baja,Activo
B-07,10,46,150,B,AG-334,501,2026-01-15 10:01:18,Barcelona,Norte,Crítica,Verificado
B-07,14,33,121,R,AG-286,201,2026-01-15 09:57:47,Barcelona,Centro,Media,Inactivo
B-06,14,46,276,G,AG-975,201,2026-01-15 10:01:15,La Paz,Norte,Alta,Verificado
B-02,13,47,198,G,AG-692,601,2026-01-15 09:59:27,Valencia,Este,Alta,Pendiente
B-01,18,70,135,R,AG-004,301,2026-01-15 10:01:46,Madrid,Este,Alta,Inactivo
B-05,9,47,180,R,AG-443,401,2026-01-15 09:58:15,Quito,Oeste,Media,Pendiente
B-04,17,36,247,G,AG-540,201,2026-01-15 09:59:35,Cartagena,Este,Baja,Inactivo
B-04,10,53,267,G,AG-012,201,2026-01-15 09:59:03,Cali,Sur,Baja,Pendiente
B-07,5,61,215,R,AG-022,801,2026-01-15 10:00:29,Valencia,Sur,Crítica,Inactivo
B-01,9,47,216,B,AG-418,401,2026-01-15 09:58:29,Lima,Norte,Baja,Verificado
B-07,16,33,114,B,AG-267,401,2026-01-15 10:01:00,Barcelona,Sur,Baja,Verificado
B-02,14,49,234,R,AG-494,401,2026-01-15 10:00:26,Madrid,Centro,Crítica,Inactivo
B-03,14,53,137,R,AG-009,101,2026-01-15 10:00:11,Bilbao,Oeste,Media,Pendiente
B-02,11,47,194,R,AG-643,601,2026-01-15 10:00:41,Madrid,Sur,Alta,Inactivo
B-06,12,47,236,R,AG-626,201,2026-01-15 09:59:21,Lima,Oeste,Crítica,Pendiente
B-07,8,56,170,G,AG-022,401,2026-01-15 09:59:16,Barcelona,Sur,Crítica,Verificado
B-01,11,54,164,R,AG-001,701,2026-01-15 10:00:16,Bogotá,Sur,Alta,Activo
B-02,15,50,167,R,AG-633,501,2026-01-15 09:59:22,Sevilla,Centro,Crítica,Verificado
B-01,11,56,222,G,AG-159,201,2026-01-15 09:59:18,Bogotá,Oeste,Media,Activo
B-03,8,45,208,R,AG-610,201,2026-01-15 09:59:08,Madrid,Centro,Media,Activo
B-05,9,52,174,G,AG-018,501,2026-01-15 09:59:11,Quito,Centro,Alta,Inactivo
B-03,13,53,216,B,AG-011,201,2026-01-15 10:01:38,Bilbao,Centro,Alta,Inactivo
B-01,7,51,234,R,AG-002,601,2026-01-15 09:58:00,Caracas,Norte,Baja,Pendiente
B-07,5,54,158,G,AG-024,801,2026-01-15 10:00:33,Barcelona,Sur,Baja,Inactivo
B-07,16,30,176,B,AG-702,401,2026-01-15 10:00:17,Barcelona,Oeste,Crítica,Inactivo
B-06,9,58,285,G,AG-020,301,2026-01-15 09:58:50,Lima,Sur,Baja,Verificado
B-01,6,36,234,G,AG-927,101,2026-01-15 09:58:27,Caracas,Centro,Crítica,Inactivo
B-07,6,54,140,G,AG-024,401,2026-01-15 10:01:10,Málaga,Norte,Alta,Inactivo
B-05,14,67,138,G,AG-976,501,2026-01-15 10:01:11,Ambato,Norte,Crítica,Pendiente
B-02,14,54,152,G,AG-007,501,2026-01-15 09:59:38,Sevilla,Este,Alta,Verificado
B-01,9,47,191,B,AG-552,301,2026-01-15 09:59:24,Madrid,Oeste,Alta,Inactivo
B-05,10,70,148,B,AG-017,501,2026-01-15 10:01:41,Ambato,Este,Crítica,Activo
B-02,14,48,224,G,AG-186,701,2026-01-15 10:00:45,Madrid,Norte,Alta,Verificado
B-07,11,47,130,R,AG-468,401,2026-01-15 10:00:08,Barcelona,Este,Baja,Inactivo
B-06,13,51,245,R,AG-020,201,2026-01-15 09:57:43,Lima,Norte,Baja,Inactivo
B-03,15,58,202,G,AG-011,501,2026-01-15 10:00:12,Madrid,Sur,Alta,Inactivo
B-07,17,30,177,G,AG-713,101,2026-01-15 09:58:31,Zaragoza,Centro,Baja,Verificado
B-02,15,42,178,R,AG-828,401,2026-01-15 10:00:18,Madrid,Oeste,Crítica,Pendiente
B-04,15,40,240,G,AG-173,401,2026-01-15 10:00:50,Bogotá,Oeste,Alta,Pendiente
B-01,14,59,207,B,AG-003,101,2026-01-15 10:00:00,Madrid,Este,Media,Verificado
B-02,14,57,177,R,AG-006,101,2026-01-15 09:58:58,Valencia,Este,Alta,Pendiente
B-01,15,65,174,B,AG-002,101,2026-01-15 09:59:42,Bogotá,Centro,Baja,Verificado
B-06,12,54,251,R,AG-021,901,2026-01-15 10:01:31,La Paz,Oeste,Crítica,Pendiente
B-04,11,50,255,G,AG-498,101,2026-01-15 10:01:23,Bogotá,Oeste,Media,Verificado
B-07,11,46,176,G,AG-491,401,2026-01-15 10:01:40,Málaga,Norte,Media,Inactivo
B-06,13,53,294,R,AG-020,601,2026-01-15 09:59:15,La Paz,Centro,Media,Activo
B-01,15,50,176,G,AG-427,101,2026-01-15 09:59:23,Caracas,Este,Alta,Verificado
B-05,16,62,118,G,AG-018,501,2026-01-15 09:59:33,Cuenca,Este,Alta,Inactivo
B-04,8,62,265,G,AG-012,401,2026-01-15 09:59:56,Cali,Norte,Crítica,Activo
B-02,17,36,188,R,AG-795,201,2026-01-15 09:58:59,Sevilla,Centro,Alta,Inactivo
B-01,9,53,216,G,AG-004,801,2026-01-15 09:59:05,Bogotá,Centro,Crítica,Verificado
B-06,12,54,251,R,AG-019,301,2026-01-15 10:00:45,Quito,Oeste,Media,Pendiente
B-02,13,46,160,R,AG-125,301,2026-01-15 09:59:16,Sevilla,Centro,Alta,Verificado
B-02,14,50,211,R,AG-570,401,2026-01-15 10:03:26,Madrid,Sur,Media,Verificado
B-02,14,53,222,G,AG-007,501,2026-01-15 10:01:38,Sevilla,Este,Baja,Inactivo
B-05,10,55,137,G,AG-018,801,2026-01-15 09:59:16,Cuenca,Norte,Baja,Verificado
B-01,8,45,215,G,AG-760,101,2026-01-15 09:59:39,Bogotá,Este,Crítica,Pendiente
B-07,13,46,171,G,AG-426,401,2026-01-15 10:03:01,Barcelona,Norte,Alta,Verificado
B-07,5,66,145,G,AG-023,901,2026-01-15 09:59:41,Valencia,Norte,Media,Pendiente
B-05,11,46,115,G,AG-397,601,2026-01-15 10:00:43,Quito,Centro,Baja,Pendiente
B-03,13,49,171,R,AG-523,201,2026-01-15 09:58:31,Lisboa,Norte,Media,Verificado
B-02,10,56,210,B,AG-650,401,2026-01-15 09:58:22,Valencia,Este,Alta,Inactivo
B-01,13,61,222,G,AG-341,601,2026-01-15 10:01:28,Bogotá,Norte,Media,Activo
B-06,15,44,281,G,AG-990,601,2026-01-15 10:01:02,Lima,Sur,Media,Inactivo
B-01,8,45,253,B,AG-205,101,2026-01-15 10:00:38,Bogotá,Este,Alta,Pendiente
B-05,8,53,178,G,AG-017,501,2026-01-15 10:00:47,Quito,Este,Media,Verificado
B-01,10,45,208,R,AG-658,701,2026-01-15 09:57:16,Bogotá,Centro,Media,Pendiente
B-04,9,51,272,G,AG-015,101,2026-01-15 10:00:30,Cartagena,Este,Media,Inactivo
B-06,15,45,290,R,AG-433,701,2026-01-15 10:01:07,Santiago,Norte,Media,Verificado
B-06,7,63,287,R,AG-020,201,2026-01-15 09:59:42,La Paz,Este,Media,Verificado
B-04,15,52,253,G,AG-014,801,2026-01-15 10:02:08,Cartagena,Sur,Media,Inactivo
B-07,7,52,139,G,AG-023,301,2026-01-15 09:58:55,Málaga,Centro,Alta,Pendiente
B-03,14,54,205,R,AG-011,201,2026-01-15 10:01:34,Madrid,Sur,Crítica,Inactivo
B-01,8,53,204,G,AG-003,101,2026-01-15 10:00:08,Bogotá,Norte,Crítica,Activo
B-04,9,55,271,G,AG-807,801,2026-01-15 09:58:12,Bogotá,Este,Crítica,Activo
B-04,15,61,276,R,AG-012,601,2026-01-15 09:58:32,Medellín,Centro,Crítica,Pendiente
B-07,10,59,139,G,AG-022,701,2026-01-15 10:02:33,Barcelona,Norte,Media,Inactivo
B-05,13,55,184,R,AG-016,701,2026-01-15 09:58:59,Quito,Centro,Media,Inactivo
B-07,14,41,222,B,AG-285,501,2026-01-15 09:58:43,Barcelona,Este,Alta,Pendiente
B-07,5,60,209,R,AG-022,801,2026-01-15 09:54:56,Barcelona,Centro,Crítica,Pendiente
B-03,12,43,136,R,AG-813,801,2026-01-15 09:59:20,Madrid,Oeste,Crítica,Pendiente
B-01,17,66,212,G,AG-004,101,2026-01-15 09:59:13,Bogotá,Este,Baja,Pendiente
B-03,9,37,205,B,AG-527,101,2026-01-15 09:59:38,Madrid,Este,Media,Verificado
B-06,17,31,274,G,AG-747,501,2026-01-15 09:59:55,Quito,Sur,Baja,Pendiente
B-07,8,46,164,R,AG-377,101,2026-01-15 10:00:40,Zaragoza,Oeste,Baja,Inactivo
B-05,10,63,235,R,AG-018,501,2026-01-15 09:59:32,Quito,Este,Alta,Verificado
B-07,10,48,119,B,AG-473,401,2026-01-15 09:59:21,Barcelona,Sur,Baja,Activo
B-02,13,51,229,R,AG-005,501,2026-01-15 10:00:54,Barcelona,Oeste,Baja,Activo
B-05,12,49,143,G,AG-489,501,2026-01-15 09:59:37,Quito,Norte,Alta,Activo
B-06,14,45,262,R,AG-475,501,2026-01-15 10:01:07,Quito,Oeste,Crítica,Verificado
B-05,9,53,110,G,AG-016,501,2026-01-15 10:01:00,Cuenca,Norte,Crítica,Verificado
B-03,14,55,196,B,AG-011,301,2026-01-15 10:01:48,Bilbao,Oeste,Alta,Verificado
B-03,13,57,156,G,AG-010,501,2026-01-15 10:00:49,Madrid,Centro,Baja,Activo
B-04,11,60,280,G,AG-013,301,2026-01-15 10:01:25,Cali,Norte,Baja,Pendiente
B-02,15,45,174,R,AG-535,301,2026-01-15 10:03:59,Madrid,Este,Alta,Pendiente
B-01,12,54,160,G,AG-003,201,2026-01-15 09:59:59,Caracas,Este,Media,Pendiente
B-07,6,47,124,G,AG-865,801,2026-01-15 09:58:40,Barcelona,Centro,Crítica,Inactivo
B-04,11,57,254,G,AG-012,801,2026-01-15 09:57:32,Bogotá,Oeste,Baja,Inactivo
B-05,10,46,180,B,AG-767,801,2026-01-15 10:02:24,Quito,Este,Baja,Activo
B-04,16,45,211,R,AG-578,201,2026-01-15 10:00:21,Medellín,Sur,Alta,Activo
B-03,8,33,136,G,AG-675,301,2026-01-15 09:58:32,Madrid,Norte,Media,Pendiente
B-01,8,51,147,R,AG-116,801,2026-01-15 10:01:08,Lima,Este,Crítica,Pendiente
B-01,7,45,192,G,AG-715,101,2026-01-15 10:00:49,Lima,Este,Baja,Pendiente
B-04,15,37,261,R,AG-450,201,2026-01-15 10:01:26,Bogotá,Sur,Alta,Verificado
B-02,10,64,165,R,AG-007,201,2026-01-15 09:59:58,Madrid,Centro,Crítica,Activo
B-02,15,52,199,R,AG-008,501,2026-01-15 09:58:35,Madrid,Norte,Crítica,Verificado
B-03,19,59,155,R,AG-011,501,2026-01-15 10:01:13,Lisboa,Oeste,Alta,Pendiente
B-03,13,56,190,R,AG-010,201,2026-01-15 10:03:06,Porto,Oeste,Media,Verificado
B-07,5,53,103,B,AG-837,401,2026-01-15 10:00:56,Zaragoza,Norte,Baja,Inactivo
B-02,13,47,157,B,AG-683,101,2026-01-15 09:59:08,Madrid,Norte,Baja,Pendiente
B-03,14,54,187,R,AG-010,101,2026-01-15 09:58:43,Madrid,Centro,Crítica,Inactivo
B-05,10,48,177,G,AG-118,501,2026-01-15 09:59:58,Quito,Centro,Media,Verificado
B-05,5,45,216,R,AG-689,501,2026-01-15 10:01:37,Quito,Centro,Baja,Verificado
B-04,9,55,248,R,AG-012,501,2026-01-15 10:00:09,Bogotá,Este,Alta,Pendiente
B-05,9,60,138,R,AG-016,401,2026-01-15 10:01:43,Quito,Sur,Media,Pendiente
B-07,11,48,174,G,AG-496,401,2026-01-15 10:01:08,Barcelona,Norte,Media,Pendiente
B-04,15,47,241,B,AG-513,701,2026-01-15 09:57:24,Bogotá,Oeste,Crítica,Verificado
B-03,8,37,209,G,AG-360,301,2026-01-15 09:57:55,Lisboa,Centro,Crítica,Inactivo
B-05,16,69,158,G,AG-016,501,2026-01-15 09:57:26,Quito,Oeste,Alta,Inactivo
B-05,7,55,195,G,AG-018,201,2026-01-15 09:59:17,Quito,Centro,Crítica,Inactivo
B-03,18,63,227,R,AG-011,501,2026-01-15 10:00:37,Madrid,Este,Baja,Activo
B-03,15,53,220,R,AG-009,201,2026-01-15 09:59:28,Bilbao,Este,Media,Pendiente
B-01,10,49,224,B,AG-590,501,2026-01-15 09:59:04,Madrid,Sur,Baja,Inactivo
B-07,5,57,148,G,AG-022,101,2026-01-15 10:00:15,Zaragoza,Oeste,Baja,Activo
B-04,12,52,273,B,AG-015,101,2026-01-15 09:59:12,Medellín,Oeste,Media,Verificado
B-05,12,63,192,G,AG-442,601,2026-01-15 10:00:04,Quito,Centro,Crítica,Activo
B-01,11,57,219,B,AG-001,601,2026-01-15 09:58:26,Caracas,Sur,Crítica,Verificado
B-03,18,62,213,R,AG-010,701,2026-01-15 10:01:24,Madrid,Sur,Alta,Pendiente
B-01,10,49,159,G,AG-392,101,2026-01-15 09:59:05,Bogotá,Norte,Baja,Activo
B-07,6,53,164,G,AG-024,701,2026-01-15 10:00:49,Barcelona,Centro,Crítica,Inactivo
B-07,10,49,105,G,AG-939,101,2026-01-15 10:01:37,Valencia,Este,Alta,Inactivo
B-06,9,57,300,G,AG-020,801,2026-01-15 09:59:45,La Paz,Norte,Media,Verificado
B-05,10,61,150,G,AG-309,201,2026-01-15 10:00:37,Cuenca,Centro,Alta,Activo
B-01,5,42,188,G,AG-926,101,2026-01-15 09:59:43,Madrid,Oeste,Alta,Inactivo
B-03,17,56,212,B,AG-009,201,2026-01-15 10:01:08,Porto,Oeste,Media,Pendiente
B-04,19,35,249,B,AG-930,601,2026-01-15 10:02:03,Cali,Norte,Media,Inactivo
B-01,13,56,241,G,AG-788,301,2026-01-15 09:59:20,Bogotá,Norte,Alta,Verificado
B-02,12,45,137,R,AG-803,701,2026-01-15 09:56:30,Valencia,Sur,Baja,Activo
B-03,10,41,164,R,AG-689,901,2026-01-15 09:58:25,Porto,Sur,Alta,Activo
B-07,5,61,130,G,AG-801,401,2026-01-15 10:00:52,Zaragoza,Norte,Alta,Activo
B-03,12,52,124,B,AG-009,901,2026-01-15 09:59:50,Madrid,Este,Alta,Pendiente
B-04,11,52,252,R,AG-014,201,2026-01-15 09:58:40,Medellín,Oeste,Media,Activo
B-07,13,44,169,G,AG-567,401,2026-01-15 10:00:43,Málaga,Oeste,Crítica,Pendiente
B-07,12,48,107,G,AG-570,401,2026-01-15 10:01:45,Barcelona,Oeste,Crítica,Pendiente
B-07,7,43,162,G,AG-335,601,2026-01-15 10:02:45,Zaragoza,Este,Media,Verificado
B-05,11,57,178,G,AG-017,301,2026-01-15 09:58:35,Quito,Oeste,Media,Verificado
B-02,14,48,160,R,AG-111,501,2026-01-15 09:59:23,Madrid,Este,Crítica,Activo
B-03,10,44,183,B,AG-522,401,2026-01-15 09:59:55,Bilbao,Centro,Media,Inactivo
B-01,13,44,214,G,AG-250,301,2026-01-15 10:00:55,Bogotá,Oeste,Crítica,Inactivo
B-05,12,61,168,G,AG-017,501,2026-01-15 09:59:40,Quito,Norte,Crítica,Verificado
B-03,13,46,181,G,AG-190,501,2026-01-15 10:00:46,Bilbao,Este,Crítica,Inactivo
B-06,13,42,271,B,AG-264,801,2026-01-15 10:02:12,Quito,Sur,Alta,Inactivo
B-02,14,47,174,G,AG-773,501,2026-01-15 10:00:11,Sevilla,Este,Alta,Pendiente
B-02,12,56,154,B,AG-005,601,2026-01-15 10:01:25,Madrid,Oeste,Media,Inactivo
B-01,15,53,205,R,AG-001,201,2026-01-15 10:00:24,Madrid,Sur,Crítica,Pendiente
B-04,5,65,233,G,AG-013,201,2026-01-15 10:00:32,Bogotá,Sur,Baja,Activo
B-01,8,53,174,G,AG-492,901,2026-01-15 09:58:59,Lima,Sur,Baja,Inactivo
B-03,9,42,173,G,AG-436,701,2026-01-15 09:59:56,Madrid,Oeste,Alta,Activo
B-05,13,66,177,B,AG-018,501,2026-01-15 10:00:05,Quito,Norte,Baja,Inactivo
B-07,7,49,188,G,AG-194,401,2026-01-15 10:00:49,Barcelona,Norte,Baja,Pendiente
B-06,11,62,228,R,AG-019,501,2026-01-15 09:59:39,Quito,Oeste,Baja,Inactivo
B-03,11,43,188,B,AG-313,801,2026-01-15 09:59:56,Madrid,Sur,Crítica,Activo
B-03,10,46,220,G,AG-150,201,2026-01-15 09:59:25,Bilbao,Oeste,Baja,Activo
B-04,16,38,215,R,AG-688,601,2026-01-15 09:58:28,Cali,Sur,Crítica,Pendiente
B-06,10,63,251,B,AG-021,201,2026-01-15 10:02:40,Santiago,Sur,Media,Inactivo
B-02,16,35,210,R,AG-539,501,2026-01-15 10:01:24,Barcelona,Norte,Alta,Pendiente
B-06,15,34,268,R,AG-795,701,2026-01-15 10:01:32,Lima,Centro,Alta,Verificado
B-01,10,54,206,G,AG-002,901,2026-01-15 09:58:30,Bogotá,Oeste,Alta,Activo
B-05,10,53,164,G,AG-017,601,2026-01-15 10:01:54,Quito,Este,Alta,Pendiente
B-01,9,50,231,B,AG-309,401,2026-01-15 09:59:46,Bogotá,Este,Baja,Verificado
B-07,8,40,199,B,AG-801,401,2026-01-15 09:58:41,Málaga,Norte,Baja,Inactivo
B-02,14,48,177,R,AG-305,501,2026-01-15 09:59:18,Madrid,Oeste,Baja,Verificado
B-06,13,57,226,R,AG-021,201,2026-01-15 09:58:52,Santiago,Oeste,Alta,Verificado
B-03,10,47,199,G,AG-615,201,2026-01-15 09:57:58,Lisboa,Norte,Crítica,Inactivo
B-02,12,55,173,B,AG-007,601,2026-01-15 09:59:52,Madrid,Este,Crítica,Inactivo
B-01,6,51,162,G,AG-004,601,2026-01-15 09:59:12,Bogotá,Norte,Media,Activo
B-06,9,54,231,B,AG-019,601,2026-01-15 10:00:11,Quito,Este,Baja,Verificado
B-04,11,59,231,G,AG-015,201,2026-01-15 10:01:17,Bogotá,Norte,Alta,Activo
B-03,9,41,185,R,AG-125,801,2026-01-15 10:01:45,Madrid,Centro,Alta,Activo
B-02,12,56,191,R,AG-008,401,2026-01-15 10:02:17,Madrid,Este,Alta,Pendiente
B-02,20,35,191,R,AG-162,501,2026-01-15 09:59:25,Madrid,Norte,Alta,Verificado
B-02,13,53,129,G,AG-006,601,2026-01-15 09:59:07,Valencia,Sur,Media,Inactivo
B-04,19,43,300,G,AG-493,901,2026-01-15 10:01:10,Medellín,Centro,Media,Pendiente
B-04,18,39,268,R,AG-800,701,2026-01-15 09:59:37,Medellín,Oeste,Crítica,Verificado
B-01,9,51,265,B,AG-002,101,2026-01-15 09:58:45,Bogotá,Centro,Baja,Activo
B-06,16,52,205,R,AG-021,701,2026-01-15 09:58:19,La Paz,Centro,Media,Verificado
B-04,17,40,230,G,AG-731,801,2026-01-15 10:02:21,Bogotá,Norte,Baja,Pendiente
B-04,14,53,254,G,AG-369,701,2026-01-15 10:03:01,Bogotá,Sur,Media,Verificado
B-05,6,54,190,B,AG-927,401,2026-01-15 09:58:15,Quito,Este,Media,Activo
B-01,7,45,127,G,AG-913,401,2026-01-15 09:59:29,Madrid,Este,Baja,Verificado
B-01,8,52,185,B,AG-003,701,2026-01-15 10:00:20,Bogotá,Sur,Alta,Inactivo
B-04,14,46,286,G,AG-466,201,2026-01-15 09:58:29,Cali,Oeste,Crítica,Activo
B-07,9,54,187,G,AG-024,401,2026-01-15 09:59:36,Barcelona,Centro,Media,Inactivo
B-01,11,55,148,G,AG-002,601,2026-01-15 10:01:14,Madrid,Centro,Alta,Activo
B-05,10,58,195,B,AG-017,701,2026-01-15 10:01:18,Quito,Este,Baja,Verificado
B-07,14,46,144,B,AG-230,401,2026-01-15 10:01:00,Barcelona,Norte,Baja,Verificado
B-03,13,49,160,R,AG-277,401,2026-01-15 10:00:44,Madrid,Este,Crítica,Inactivo
B-02,13,46,200,G,AG-437,501,2026-01-15 10:01:51,Madrid,Sur,Media,Pendiente
B-01,15,52,164,B,AG-002,801,2026-01-15 09:57:58,Bogotá,Sur,Baja,Activo
B-03,5,32,224,R,AG-344,901,2026-01-15 10:00:13,Bilbao,Centro,Crítica,Pendiente
B-02,15,57,188,R,AG-005,701,2026-01-15 10:00:21,Madrid,Norte,Alta,Verificado
B-01,11,47,196,G,AG-873,601,2026-01-15 10:00:37,Madrid,Sur,Crítica,Inactivo
B-06,10,49,260,G,AG-241,201,2026-01-15 09:59:29,Quito,Este,Baja,Verificado
B-05,10,53,229,G,AG-018,501,2026-01-15 10:02:08,Quito,Sur,Media,Pendiente
B-06,11,49,213,R,AG-984,901,2026-01-15 10:00:33,Santiago,Sur,Baja,Activo
B-02,10,66,205,R,AG-006,101,2026-01-15 10:02:12,Madrid,Norte,Media,Activo
B-03,12,46,196,G,AG-112,201,2026-01-15 10:00:49,Madrid,Este,Media,Inactivo
B-06,13,42,297,R,AG-390,901,2026-01-15 10:02:16,Santiago,Sur,Baja,Verificado
B-03,13,53,175,G,AG-010,601,2026-01-15 09:59:42,Madrid,Sur,Crítica,Verificado
B-03,10,45,192,R,AG-286,701,2026-01-15 09:59:27,Bilbao,Sur,Crítica,Verificado
B-07,11,57,155,G,AG-545,401,2026-01-15 10:00:10,Barcelona,Sur,Media,Pendiente
B-03,12,54,237,R,AG-010,701,2026-01-15 09:59:47,Porto,Centro,Media,Inactivo
B-01,9,37,208,B,AG-116,201,2026-01-15 10:00:12,Madrid,Norte,Media,Inactivo
B-01,14,62,238,R,AG-001,101,2026-01-15 09:59:45,Lima,Centro,Baja,Verificado
B-06,15,41,270,B,AG-717,501,2026-01-15 10:00:23,Lima,Norte,Alta,Verificado
B-06,10,55,229,R,AG-019,701,2026-01-15 10:00:27,Quito,Este,Baja,Verificado
B-01,9,50,196,B,AG-724,501,2026-01-15 09:59:47,Bogotá,Sur,Crítica,Pendiente
B-03,17,62,188,G,AG-010,201,2026-01-15 10:01:19,Porto,Sur,Alta,Pendiente
B-07,8,60,156,G,AG-615,401,2026-01-15 10:00:53,Barcelona,Centro,Crítica,Pendiente
B-01,12,58,140,G,AG-004,601,2026-01-15 09:59:47,Bogotá,Este,Alta,Inactivo
B-04,14,43,228,B,AG-237,201,2026-01-15 09:58:51,Bogotá,Este,Alta,Verificado
B-03,16,55,178,B,AG-645,201,2026-01-15 10:00:46,Porto,Centro,Media,Activo
B-07,13,47,186,B,AG-594,201,2026-01-15 09:56:53,Barcelona,Este,Crítica,Verificado
B-03,15,55,199,R,AG-636,401,2026-01-15 09:58:46,Madrid,Sur,Alta,Inactivo
B-01,13,49,199,B,AG-126,701,2026-01-15 10:00:24,Caracas,Norte,Alta,Verificado
B-07,14,46,120,G,AG-465,701,2026-01-15 09:59:58,Barcelona,Este,Baja,Verificado
B-06,15,49,262,R,AG-460,201,2026-01-15 10:00:36,Quito,Este,Crítica,Activo
B-06,8,50,216,B,AG-796,201,2026-01-15 10:01:08,Quito,Sur,Baja,Pendiente
B-03,13,54,164,G,AG-011,201,2026-01-15 10:01:11,Madrid,Centro,Media,Activo
B-04,15,49,275,B,AG-478,201,2026-01-15 09:58:55,Bogotá,Sur,Media,Activo
B-05,12,63,120,G,AG-018,401,2026-01-15 09:58:48,Quito,Este,Alta,Activo
B-01,10,53,202,B,AG-003,201,2026-01-15 10:00:59,Madrid,Norte,Media,Pendiente
B-02,15,50,150,R,AG-480,201,2026-01-15 10:00:34,Barcelona,Sur,Alta,Verificado
B-02,12,45,174,B,AG-973,201,2026-01-15 10:01:09,Madrid,Centro,Crítica,Activo
B-06,9,59,267,R,AG-020,301,2026-01-15 09:58:39,Santiago,Norte,Baja,Activo
B-05,7,56,154,G,AG-017,501,2026-01-15 09:59:18,Ambato,Oeste,Alta,Inactivo
B-07,5,59,181,G,AG-023,701,2026-01-15 09:59:50,Málaga,Sur,Crítica,Inactivo
B-07,9,54,150,G,AG-024,201,2026-01-15 10:00:29,Valencia,Este,Media,Verificado
B-02,16,52,202,R,AG-007,501,2026-01-15 10:00:44,Barcelona,Norte,Crítica,Pendiente
B-05,10,50,249,G,AG-870,801,2026-01-15 10:00:09,Quito,Sur,Crítica,Pendiente
B-02,14,47,190,B,AG-998,201,2026-01-15 10:00:16,Barcelona,Centro,Media,Inactivo
B-05,12,61,181,B,AG-405,301,2026-01-15 09:59:31,Quito,Norte,Crítica,Verificado
B-05,12,59,206,R,AG-016,501,2026-01-15 10:00:00,Quito,Este,Media,Pendiente
B-04,15,53,212,G,AG-849,501,2026-01-15 09:59:45,Bogotá,Este,Alta,Pendiente
B-06,16,39,286,G,AG-334,101,2026-01-15 10:00:09,Lima,Este,Crítica,Inactivo
B-01,13,63,206,R,AG-003,301,2026-01-15 10:00:50,Bogotá,Sur,Media,Inactivo
B-01,14,60,203,R,AG-569,101,2026-01-15 09:59:57,Bogotá,Oeste,Crítica,Activo
B-03,16,53,178,G,AG-011,201,2026-01-15 10:01:02,Madrid,Sur,Media,Pendiente
B-02,15,40,185,B,AG-438,601,2026-01-15 10:01:38,Valencia,Centro,Crítica,Verificado
B-06,11,51,276,R,AG-624,201,2026-01-15 09:58:41,Lima,Oeste,Crítica,Pendiente
B-07,9,45,198,B,AG-302,701,2026-01-15 10:00:17,Zaragoza,Este,Media,Pendiente
B-02,12,43,205,G,AG-760,501,2026-01-15 09:59:09,Sevilla,Oeste,Alta,Activo
B-01,12,53,150,B,AG-004,501,2026-01-15 09:59:57,Lima,Norte,Baja,Activo
B-05,10,52,160,B,AG-018,501,2026-01-15 10:02:08,Ambato,Centro,Alta,Inactivo
B-05,13,57,122,B,AG-017,501,2026-01-15 09:58:39,Quito,Sur,Alta,Pendiente
B-02,11,52,180,R,AG-006,501,2026-01-15 09:59:40,Madrid,Este,Alta,Verificado
B-03,14,54,225,R,AG-011,501,2026-01-15 09:59:53,Porto,Centro,Baja,Inactivo
B-06,10,52,248,R,AG-020,201,2026-01-15 09:59:57,Santiago,Centro,Baja,Verificado
B-07,5,51,168,G,AG-795,701,2026-01-15 10:01:47,Zaragoza,Sur,Alta,Inactivo
B-06,12,55,246,R,AG-021,201,2026-01-15 10:00:53,La Paz,Norte,Alta,Activo
B-05,15,66,194,G,AG-016,501,2026-01-15 09:59:47,Quito,Norte,Baja,Pendiente
B-05,9,51,142,G,AG-017,201,2026-01-15 09:57:55,Guayaquil,Oeste,Baja,Pendiente
B-04,13,51,262,G,AG-710,301,2026-01-15 10:00:30,Medellín,Centro,Baja,Verificado
B-03,15,51,186,G,AG-009,201,2026-01-15 09:59:28,Porto,Centro,Crítica,Inactivo
B-01,12,60,230,G,AG-003,601,2026-01-15 10:00:09,Lima,Este,Baja,Pendiente
B-07,12,50,153,G,AG-889,301,2026-01-15 10:01:50,Valencia,Norte,Alta,Activo
B-02,14,44,164,G,AG-187,501,2026-01-15 10:00:43,Madrid,Centro,Alta,Activo
B-06,12,64,259,R,AG-214,201,2026-01-15 10:00:21,Quito,Norte,Baja,Pendiente
B-02,10,53,203,R,AG-007,501,2026-01-15 09:58:26,Barcelona,Centro,Alta,Activo
B-01,12,56,201,B,AG-001,101,2026-01-15 10:00:30,Caracas,Oeste,Crítica,Inactivo
B-04,17,51,240,R,AG-012,201,2026-01-15 09:58:41,Bogotá,Norte,Baja,Verificado
B-01,19,63,248,G,AG-001,401,2026-01-15 09:59:12,Lima,Centro,Media,Pendiente
B-02,15,48,185,G,AG-530,501,2026-01-15 10:01:15,Valencia,Norte,Baja,Inactivo
B-07,5,49,178,R,AG-129,401,2026-01-15 10:01:50,Málaga,Sur,Crítica,Activo
B-04,11,58,241,B,AG-015,101,2026-01-15 10:01:30,Bogotá,Sur,Media,Activo
B-05,11,58,163,G,AG-017,501,2026-01-15 09:59:04,Quito,Oeste,Alta,Verificado
B-05,14,60,169,G,AG-018,501,2026-01-15 10:00:02,Quito,Sur,Crítica,Activo
B-04,17,40,240,B,AG-664,301,2026-01-15 09:58:37,Cartagena,Norte,Crítica,Activo
B-02,12,48,179,R,AG-971,401,2026-01-15 09:59:16,Barcelona,Centro,Media,Inactivo
B-06,14,54,236,R,AG-021,601,2026-01-15 09:59:08,Lima,Oeste,Media,Verificado
B-05,13,59,188,G,AG-739,501,2026-01-15 09:59:54,Cuenca,Centro,Crítica,Verificado
B-02,9,57,177,R,AG-007,501,2026-01-15 10:01:23,Madrid,Norte,Alta,Inactivo
B-01,16,60,178,R,AG-004,301,2026-01-15 09:59:26,Caracas,Sur,Crítica,Inactivo
B-06,13,42,249,R,AG-641,501,2026-01-15 10:00:00,Lima,Centro,Baja,Pendiente
B-03,5,39,128,G,AG-345,701,2026-01-15 10:00:01,Madrid,Sur,Media,Activo
B-07,18,30,114,G,AG-252,101,2026-01-15 10:01:23,Barcelona,Centro,Baja,Verificado
B-03,18,55,149,G,AG-011,601,2026-01-15 09:59:51,Madrid,Norte,Alta,Activo
B-02,13,45,103,G,AG-281,501,2026-01-15 09:59:46,Barcelona,Oeste,Media,Verificado
B-01,16,53,225,B,AG-003,701,2026-01-15 10:00:46,Bogotá,Oeste,Alta,Activo
B-05,10,45,156,B,AG-774,501,2026-01-15 10:00:54,Quito,Este,Alta,Activo
B-07,13,37,141,R,AG-643,401,2026-01-15 10:00:50,Zaragoza,Este,Media,Verificado
B-03,12,54,181,R,AG-679,201,2026-01-15 09:58:26,Madrid,Sur,Alta,Verificado
B-04,19,40,265,R,AG-789,901,2026-01-15 09:59:24,Bogotá,Sur,Baja,Pendiente
B-07,5,60,173,G,AG-556,701,2026-01-15 09:59:00,Valencia,Oeste,Media,Pendiente
B-05,10,59,161,G,AG-296,501,2026-01-15 09:59:57,Guayaquil,Centro,Baja,Activo
B-07,11,45,174,G,AG-456,501,2026-01-15 10:00:23,Barcelona,Sur,Crítica,Inactivo
B-06,17,43,232,G,AG-133,201,2026-01-15 09:59:03,Quito,Este,Media,Inactivo
B-06,12,50,277,B,AG-425,201,2026-01-15 09:59:45,La Paz,Sur,Alta,Verificado
B-02,15,47,174,R,AG-720,901,2026-01-15 09:58:01,Madrid,Centro,Crítica,Verificado
B-07,10,47,164,G,AG-316,401,2026-01-15 10:00:38,Barcelona,Este,Alta,Activo
B-07,11,51,202,R,AG-538,301,2026-01-15 10:00:53,Barcelona,Centro,Crítica,Verificado
B-04,17,44,225,G,AG-205,901,2026-01-15 09:58:30,Cartagena,Norte,Media,Activo
B-07,12,43,176,G,AG-150,401,2026-01-15 10:01:42,Zaragoza,Sur,Crítica,Inactivo
B-06,13,56,265,B,AG-019,301,2026-01-15 10:01:26,Quito,Oeste,Baja,Inactivo
B-04,7,64,281,G,AG-013,201,2026-01-15 09:58:22,Cali,Sur,Crítica,Inactivo
B-02,17,55,186,G,AG-005,101,2026-01-15 10:00:17,Sevilla,Este,Alta,Inactivo
B-05,13,61,167,G,AG-708,501,2026-01-15 10:02:11,Quito,Centro,Baja,Verificado
B-02,16,41,185,R,AG-625,601,2026-01-15 09:58:58,Sevilla,Oeste,Crítica,Verificado
B-05,10,53,207,G,AG-018,301,2026-01-15 09:59:10,Quito,Sur,Alta,Activo
B-06,11,58,253,R,AG-020,601,2026-01-15 09:58:24,Quito,Sur,Alta,Verificado
B-02,15,51,166,R,AG-008,501,2026-01-15 09:59:28,Madrid,Oeste,Alta,Pendiente
B-06,16,43,300,R,AG-381,701,2026-01-15 10:00:02,Quito,Este,Crítica,Verificado
B-06,11,55,241,R,AG-019,601,2026-01-15 10:01:01,Quito,Norte,Alta,Pendiente
B-06,12,60,192,R,AG-020,201,2026-01-15 10:00:15,Quito,Este,Crítica,Activo
B-01,11,55,215,G,AG-002,101,2026-01-15 09:59:26,Madrid,Norte,Baja,Pendiente
B-02,9,64,155,B,AG-006,501,2026-01-15 10:01:46,Barcelona,Centro,Media,Activo
B-06,14,48,188,R,AG-545,401,2026-01-15 09:59:06,Quito,Centro,Media,Activo
B-01,9,45,202,G,AG-370,401,2026-01-15 09:59:47,Lima,Norte,Alta,Activo
B-03,12,43,121,G,AG-112,201,2026-01-15 09:59:27,Porto,Sur,Alta,Pendiente
B-03,11,46,198,B,AG-716,201,2026-01-15 10:00:56,Madrid,Sur,Baja,Inactivo
B-06,10,63,233,R,AG-021,801,2026-01-15 09:55:58,Quito,Sur,Alta,Inactivo
B-04,19,44,300,G,AG-856,301,2026-01-15 10:02:19,Bogotá,Centro,Crítica,Verificado
B-07,11,48,162,G,AG-964,401,2026-01-15 09:59:23,Málaga,Sur,Alta,Verificado
B-05,9,52,179,B,AG-018,501,2026-01-15 09:59:21,Quito,Este,Crítica,Inactivo
B-01,8,50,205,G,AG-375,901,2026-01-15 09:59:07,Lima,Sur,Alta,Inactivo
B-01,11,63,246,G,AG-004,101,2026-01-15 10:00:33,Bogotá,Oeste,Media,Verificado
B-02,18,40,169,R,AG-763,501,2026-01-15 10:00:13,Valencia,Oeste,Baja,Verificado
B-03,12,40,167,G,AG-416,201,2026-01-15 09:57:25,Bilbao,Sur,Media,Inactivo
B-07,14,34,217,B,AG-816,601,2026-01-15 09:57:33,Valencia,Oeste,Media,Pendiente
B-02,14,44,179,G,AG-464,301,2026-01-15 10:00:29,Sevilla,Sur,Media,Verificado
B-05,11,52,165,R,AG-016,401,2026-01-15 09:59:31,Quito,Oeste,Media,Verificado
B-07,20,34,117,G,AG-573,701,2026-01-15 09:58:53,Barcelona,Oeste,Alta,Verificado
B-07,12,39,189,G,AG-145,501,2026-01-15 09:59:51,Barcelona,Oeste,Media,Inactivo
B-01,10,50,157,G,AG-833,101,2026-01-15 10:01:02,Caracas,Este,Alta,Verificado
B-06,5,64,257,R,AG-021,201,2026-01-15 09:58:02,Quito,Norte,Alta,Pendiente
B-01,15,58,180,R,AG-002,301,2026-01-15 10:01:21,Caracas,Este,Alta,Activo
B-04,12,43,226,B,AG-955,301,2026-01-15 10:00:28,Cali,Norte,Media,Inactivo
B-05,10,63,122,B,AG-018,201,2026-01-15 09:59:43,Cuenca,Centro,Alta,Activo
B-02,13,47,151,R,AG-660,801,2026-01-15 10:00:34,Madrid,Norte,Alta,Pendiente
B-03,11,45,152,R,AG-749,201,2026-01-15 10:00:38,Madrid,Centro,Alta,Verificado
B-07,8,57,164,G,AG-023,401,2026-01-15 10:00:19,Barcelona,Este,Crítica,Pendiente
B-04,16,46,232,G,AG-576,901,2026-01-15 09:59:31,Medellín,Oeste,Crítica,Pendiente
B-05,14,66,158,B,AG-172,101,2026-01-15 09:59:08,Guayaquil,Este,Crítica,Activo
B-06,16,51,231,R,AG-349,201,2026-01-15 10:00:58,Quito,Sur,Baja,Pendiente
B-07,5,53,179,G,AG-023,201,2026-01-15 10:00:06,Barcelona,Este,Media,Inactivo
B-02,13,50,185,R,AG-466,601,2026-01-15 09:59:00,Madrid,Este,Media,Pendiente
B-05,6,54,160,G,AG-016,501,2026-01-15 09:59:59,Ambato,Sur,Media,Pendiente
B-02,14,51,184,B,AG-006,501,2026-01-15 09:59:24,Barcelona,Oeste,Media,Inactivo
B-03,16,60,196,R,AG-010,601,2026-01-15 10:00:28,Madrid,Centro,Alta,Inactivo
B-02,18,36,202,G,AG-178,801,2026-01-15 10:00:22,Sevilla,Centro,Crítica,Verificado
B-06,8,65,238,G,AG-020,601,2026-01-15 10:00:51,Quito,Oeste,Media,Pendiente
B-05,8,50,141,G,AG-690,501,2026-01-15 10:00:28,Quito,Sur,Crítica,Pendiente
B-07,8,56,199,G,AG-024,701,2026-01-15 09:59:48,Valencia,Sur,Media,Pendiente
B-04,16,40,191,B,AG-453,801,2026-01-15 09:57:14,Bogotá,Norte,Crítica,Verificado
B-06,12,54,294,R,AG-020,701,2026-01-15 10:02:28,Quito,Sur,Media,Inactivo
B-04,18,40,288,G,AG-172,201,2026-01-15 10:00:24,Medellín,Sur,Alta,Pendiente
B-05,8,58,161,G,AG-017,501,2026-01-15 10:00:07,Cuenca,Sur,Crítica,Verificado
B-01,10,38,183,G,AG-164,101,2026-01-15 10:00:23,Madrid,Centro,Alta,Inactivo
B-01,5,45,158,G,AG-191,801,2026-01-15 09:59:47,Lima,Centro,Media,Pendiente
B-06,10,51,248,R,AG-020,601,2026-01-15 10:00:03,Lima,Centro,Media,Inactivo
B-07,12,45,168,G,AG-290,901,2026-01-15 09:59:51,Barcelona,Sur,Crítica,Activo
B-06,16,47,279,B,AG-821,201,2026-01-15 09:57:37,Quito,Sur,Media,Activo
B-07,12,43,180,B,AG-564,401,2026-01-15 09:59:00,Zaragoza,Centro,Baja,Inactivo
B-05,12,64,198,G,AG-018,801,2026-01-15 10:01:25,Cuenca,Norte,Media,Activo
B-03,8,42,176,B,AG-952,401,2026-01-15 09:58:53,Porto,Este,Crítica,Inactivo
B-04,14,46,240,R,AG-822,101,2026-01-15 09:59:09,Cartagena,Este,Baja,Activo
B-03,15,56,184,G,AG-009,901,2026-01-15 09:59:41,Madrid,Centro,Alta,Activo
B-02,15,55,176,R,AG-939,501,2026-01-15 09:58:47,Madrid,Este,Crítica,Activo
B-01,7,49,189,G,AG-423,701,2026-01-15 10:00:12,Bogotá,Este,Media,Inactivo
B-07,6,53,124,G,AG-023,401,2026-01-15 09:59:19,Barcelona,Este,Media,Verificado
B-05,12,53,203,B,AG-328,101,2026-01-15 09:59:51,Cuenca,Este,Crítica,Activo
B-01,10,46,215,G,AG-752,501,2026-01-15 10:00:03,Bogotá,Oeste,Baja,Inactivo
B-06,14,42,225,B,AG-555,901,2026-01-15 09:59:41,Quito,Oeste,Media,Activo
B-07,5,67,190,R,AG-024,401,2026-01-15 09:58:58,Valencia,Oeste,Media,Inactivo
B-02,16,40,190,R,AG-544,501,2026-01-15 10:00:57,Sevilla,Oeste,Media,Activo
B-05,13,58,201,G,AG-378,501,2026-01-15 09:59:58,Quito,Norte,Media,Inactivo
B-02,16,49,180,R,AG-857,601,2026-01-15 09:58:23,Barcelona,Norte,Alta,Verificado
B-02,15,50,198,R,AG-958,501,2026-01-15 10:01:18,Madrid,Centro,Alta,Activo
B-06,12,45,210,B,AG-137,201,2026-01-15 10:01:17,La Paz,Sur,Crítica,Activo
B-03,13,49,167,R,AG-383,701,2026-01-15 09:59:09,Madrid,Este,Media,Verificado
B-01,12,60,233,G,AG-001,201,2026-01-15 10:01:11,Bogotá,Oeste,Media,Inactivo
B-02,12,55,145,R,AG-008,801,2026-01-15 10:02:31,Madrid,Norte,Crítica,Activo
B-02,11,58,210,R,AG-007,401,2026-01-15 09:59:10,Sevilla,Este,Crítica,Verificado
B-03,10,46,225,R,AG-169,701,2026-01-15 09:58:43,Madrid,Norte,Baja,Inactivo
B-02,15,37,182,R,AG-989,601,2026-01-15 09:59:37,Madrid,Este,Crítica,Pendiente
B-03,15,53,197,R,AG-009,901,2026-01-15 09:59:45,Lisboa,Este,Baja,Pendiente
B-06,10,65,257,R,AG-021,201,2026-01-15 09:58:27,Santiago,Centro,Alta,Inactivo
B-06,16,39,238,G,AG-908,201,2026-01-15 09:58:49,Quito,Sur,Media,Verificado
B-07,13,48,177,R,AG-777,701,2026-01-15 09:59:18,Valencia,Norte,Alta,Verificado
B-06,5,61,273,B,AG-020,101,2026-01-15 09:59:57,Lima,Este,Crítica,Activo
B-07,6,46,158,B,AG-435,101,2026-01-15 10:00:04,Barcelona,Centro,Crítica,Activo
B-01,8,47,209,R,AG-411,601,2026-01-15 10:00:23,Bogotá,Oeste,Crítica,Verificado
B-05,14,59,117,R,AG-018,501,2026-01-15 10:00:20,Cuenca,Sur,Alta,Pendiente
B-03,7,45,188,R,AG-222,601,2026-01-15 09:59:58,Bilbao,Oeste,Alta,Activo
B-06,15,54,195,R,AG-020,701,2026-01-15 09:59:10,Quito,Este,Alta,Verificado
B-06,14,38,278,R,AG-216,801,2026-01-15 10:00:01,La Paz,Sur,Baja,Inactivo
B-05,12,66,163,B,AG-017,801,2026-01-15 10:00:13,Quito,Oeste,Alta,Verificado
B-07,14,37,158,B,AG-396,401,2026-01-15 10:02:53,Barcelona,Oeste,Media,Verificado
B-02,12,53,180,R,AG-008,401,2026-01-15 10:01:15,Valencia,Sur,Crítica,Inactivo
B-05,10,47,152,R,AG-742,301,2026-01-15 09:59:19,Quito,Norte,Crítica,Activo
B-07,10,50,151,R,AG-551,601,2026-01-15 10:01:20,Barcelona,Oeste,Crítica,Verificado
B-06,16,47,265,R,AG-411,801,2026-01-15 09:59:44,Quito,Centro,Media,Activo
B-06,16,39,246,R,AG-180,401,2026-01-15 10:01:56,Quito,Oeste,Crítica,Verificado
B-07,8,45,133,B,AG-896,601,2026-01-15 09:57:54,Barcelona,Sur,Alta,Verificado
B-05,9,53,109,G,AG-018,501,2026-01-15 10:00:38,Guayaquil,Oeste,Media,Verificado
B-07,19,32,139,B,AG-827,701,2026-01-15 10:01:25,Zaragoza,Norte,Media,Activo
B-06,14,48,243,R,AG-303,301,2026-01-15 10:00:17,Lima,Sur,Baja,Inactivo
B-03,12,44,149,G,AG-974,701,2026-01-15 09:58:55,Porto,Norte,Alta,Activo
B-07,9,49,205,G,AG-635,401,2026-01-15 10:02:40,Barcelona,Este,Alta,Activo
B-06,14,50,300,R,AG-978,201,2026-01-15 10:00:32,La Paz,Sur,Crítica,Pendiente
B-04,13,49,241,B,AG-816,301,2026-01-15 10:00:11,Bogotá,Norte,Media,Inactivo
B-02,15,41,190,R,AG-674,501,2026-01-15 10:00:42,Madrid,Este,Crítica,Inactivo
B-06,11,57,216,R,AG-020,101,2026-01-15 10:00:18,Quito,Centro,Baja,Activo
B-03,7,46,216,R,AG-442,401,2026-01-15 10:00:17,Porto,Oeste,Alta,Pendiente
B-04,17,40,286,B,AG-200,201,2026-01-15 10:00:21,Bogotá,Este,Alta,Pendiente
B-01,11,49,187,R,AG-431,101,2026-01-15 09:58:36,Lima,Centro,Crítica,Verificado
B-05,14,62,188,R,AG-018,501,2026-01-15 10:00:37,Quito,Centro,Media,Pendiente
B-02,16,44,195,B,AG-828,501,2026-01-15 10:02:25,Madrid,Este,Crítica,Verificado
B-07,9,55,138,G,AG-023,301,2026-01-15 10:01:02,Barcelona,Este,Crítica,Inactivo
B-05,14,67,162,G,AG-018,901,2026-01-15 10:00:23,Quito,Este,Crítica,Inactivo
B-05,8,53,226,G,AG-017,101,2026-01-15 09:58:59,Quito,Norte,Crítica,Pendiente
B-03,6,43,200,R,AG-869,601,2026-01-15 09:58:25,Madrid,Sur,Baja,Pendiente
B-05,11,55,199,G,AG-017,801,2026-01-15 10:00:45,Quito,Centro,Media,Pendiente
B-07,6,55,152,B,AG-024,401,2026-01-15 10:01:00,Málaga,Centro,Alta,Activo
B-02,13,41,174,R,AG-701,801,2026-01-15 10:02:04,Valencia,Este,Baja,Verificado
B-07,17,30,197,R,AG-205,601,2026-01-15 09:59:54,Barcelona,Norte,Crítica,Inactivo
B-06,13,54,210,R,AG-019,701,2026-01-15 09:58:21,Quito,Centro,Alta,Verificado
B-05,13,56,149,G,AG-018,501,2026-01-15 10:01:07,Quito,Este,Baja,Inactivo
B-03,11,55,182,R,AG-009,801,2026-01-15 09:59:30,Madrid,Oeste,Baja,Activo
B-05,9,50,186,B,AG-181,401,2026-01-15 10:00:00,Cuenca,Sur,Alta,Pendiente
B-03,18,59,169,R,AG-011,701,2026-01-15 09:57:53,Madrid,Sur,Media,Inactivo
B-07,15,34,160,G,AG-784,701,2026-01-15 10:00:59,Barcelona,Sur,Baja,Activo
B-05,10,51,180,R,AG-018,201,2026-01-15 09:59:45,Guayaquil,Centro,Media,Inactivo
B-03,17,60,192,R,AG-009,201,2026-01-15 10:00:36,Lisboa,Oeste,Baja,Activo
B-02,13,53,187,R,AG-006,301,2026-01-15 10:01:11,Sevilla,Sur,Media,Pendiente
B-05,10,58,165,G,AG-573,501,2026-01-15 09:58:52,Ambato,Este,Media,Pendiente
B-05,12,59,176,G,AG-016,701,2026-01-15 09:59:21,Quito,Centro,Baja,Verificado
B-05,11,56,170,G,AG-018,401,2026-01-15 10:00:48,Ambato,Este,Crítica,Verificado
B-02,13,56,212,R,AG-006,801,2026-01-15 09:59:14,Madrid,Centro,Media,Inactivo
B-03,7,41,194,B,AG-579,401,2026-01-15 09:59:21,Bilbao,Centro,Baja,Pendiente
B-03,10,53,226,G,AG-276,401,2026-01-15 10:00:18,Madrid,Este,Crítica,Verificado
B-02,12,47,191,B,AG-812,501,2026-01-15 09:59:00,Barcelona,Sur,Alta,Activo
B-07,7,62,204,G,AG-023,701,2026-01-15 09:59:17,Barcelona,Este,Alta,Activo
B-06,5,62,300,R,AG-135,201,2026-01-15 09:58:15,Quito,Centro,Media,Activo
B-04,19,37,253,G,AG-884,201,2026-01-15 10:00:08,Bogotá,Norte,Alta,Inactivo
B-03,9,44,193,G,AG-377,601,2026-01-15 09:59:36,Lisboa,Sur,Alta,Inactivo
B-04,20,30,215,R,AG-715,201,2026-01-15 10:02:35,Medellín,Este,Media,Inactivo
B-05,11,46,202,B,AG-166,501,2026-01-15 09:58:42,Quito,Sur,Crítica,Verificado
B-07,5,64,178,G,AG-022,401,2026-01-15 10:01:32,Barcelona,Norte,Media,Pendiente
B-06,9,54,293,R,AG-019,901,2026-01-15 10:01:01,La Paz,Oeste,Media,Verificado
B-07,8,56,146,G,AG-022,501,2026-01-15 10:01:27,Barcelona,Centro,Media,Activo
B-07,12,46,139,G,AG-715,201,2026-01-15 10:00:28,Barcelona,Centro,Alta,Activo
B-05,13,59,147,B,AG-017,501,2026-01-15 09:59:41,Cuenca,Oeste,Crítica,Activo
B-07,9,43,93,G,AG-472,201,2026-01-15 10:00:09,Barcelona,Norte,Alta,Pendiente
B-06,12,51,283,B,AG-021,901,2026-01-15 10:00:23,Quito,Sur,Alta,Inactivo
B-05,12,62,174,R,AG-017,301,2026-01-15 09:58:42,Quito,Centro,Alta,Inactivo
B-07,5,56,183,B,AG-023,801,2026-01-15 09:58:37,Zaragoza,Centro,Baja,Pendiente
B-04,11,50,192,B,AG-501,701,2026-01-15 09:58:14,Cartagena,Oeste,Baja,Inactivo
B-05,10,54,196,R,AG-795,301,2026-01-15 09:59:19,Quito,Norte,Alta,Verificado
B-04,13,55,230,R,AG-503,201,2026-01-15 10:01:23,Bogotá,Norte,Crítica,Inactivo
B-06,11,49,297,R,AG-378,201,2026-01-15 10:00:10,Quito,Este,Media,Verificado
B-01,6,41,210,R,AG-939,801,2026-01-15 09:59:25,Caracas,Oeste,Baja,Pendiente
B-02,15,44,179,G,AG-426,501,2026-01-15 10:00:46,Madrid,Centro,Media,Pendiente
B-05,6,46,144,B,AG-921,201,2026-01-15 10:01:17,Cuenca,Este,Baja,Activo
B-07,5,54,154,G,AG-319,501,2026-01-15 10:01:49,Barcelona,Sur,Alta,Inactivo
B-02,13,53,187,R,AG-005,801,2026-01-15 09:59:46,Valencia,Norte,Crítica,Activo
B-04,14,40,208,G,AG-257,801,2026-01-15 09:58:06,Bogotá,Sur,Baja,Inactivo
B-01,12,63,226,B,AG-273,301,2026-01-15 10:00:29,Bogotá,Este,Media,Inactivo
B-04,11,43,298,R,AG-389,301,2026-01-15 09:58:31,Cartagena,Sur,Alta,Verificado
B-02,14,42,127,B,AG-771,401,2026-01-15 09:58:44,Madrid,Centro,Media,Inactivo
B-05,9,62,229,G,AG-018,401,2026-01-15 10:00:27,Quito,Centro,Baja,Verificado
B-07,11,40,173,R,AG-669,201,2026-01-15 10:01:01,Barcelona,Oeste,Media,Pendiente
B-07,6,62,142,G,AG-022,401,2026-01-15 09:57:18,Zaragoza,Este,Media,Activo
B-07,10,46,203,G,AG-127,901,2026-01-15 10:00:30,Zaragoza,Oeste,Media,Pendiente
B-07,13,34,170,G,AG-958,401,2026-01-15 10:01:08,Barcelona,Oeste,Media,Pendiente
B-05,13,61,103,G,AG-017,901,2026-01-15 09:58:23,Quito,Oeste,Alta,Pendiente
B-01,14,53,95,G,AG-667,901,2026-01-15 09:59:08,Madrid,Norte,Media,Verificado
B-04,13,52,248,R,AG-014,201,2026-01-15 09:58:50,Medellín,Este,Media,Activo
B-02,13,52,192,R,AG-007,301,2026-01-15 10:00:39,Valencia,Centro,Media,Verificado
B-05,11,56,181,B,AG-018,801,2026-01-15 10:00:02,Guayaquil,Este,Crítica,Activo
B-06,16,40,261,B,AG-420,201,2026-01-15 10:01:28,La Paz,Este,Media,Verificado
B-04,14,44,237,B,AG-898,301,2026-01-15 10:02:16,Medellín,Centro,Alta,Inactivo
B-05,6,50,198,G,AG-591,201,2026-01-15 09:59:17,Quito,Oeste,Media,Activo
B-04,15,39,220,G,AG-292,301,2026-01-15 09:58:38,Medellín,Este,Alta,Pendiente
B-04,20,31,298,G,AG-697,201,2026-01-15 10:00:32,Bogotá,Este,Alta,Inactivo
B-06,14,50,189,R,AG-994,501,2026-01-15 09:59:10,La Paz,Oeste,Media,Pendiente
B-07,11,52,140,G,AG-898,401,2026-01-15 09:58:00,Valencia,Centro,Baja,Pendiente
B-02,13,44,181,R,AG-223,501,2026-01-15 09:59:57,Valencia,Oeste,Alta,Activo
B-03,20,59,192,R,AG-009,801,2026-01-15 09:58:36,Madrid,Norte,Alta,Activo
B-06,12,51,259,R,AG-019,801,2026-01-15 09:58:45,Lima,Sur,Baja,Verificado
B-06,8,63,295,B,AG-575,201,2026-01-15 10:01:04,Quito,Este,Baja,Pendiente
B-03,5,36,246,G,AG-825,401,2026-01-15 09:58:59,Porto,Norte,Crítica,Pendiente
B-06,15,43,259,R,AG-620,901,2026-01-15 10:00:31,La Paz,Centro,Baja,Verificado
B-07,10,42,162,G,AG-953,901,2026-01-15 09:59:37,Barcelona,Centro,Crítica,Activo
B-02,12,53,165,R,AG-006,801,2026-01-15 10:00:47,Madrid,Sur,Baja,Pendiente
B-01,20,70,206,B,AG-003,701,2026-01-15 10:00:52,Bogotá,Centro,Media,Pendiente
B-06,12,53,262,G,AG-019,201,2026-01-15 10:00:26,Lima,Este,Alta,Inactivo
B-05,11,58,217,B,AG-018,801,2026-01-15 09:59:39,Quito,Centro,Baja,Pendiente
B-07,11,41,154,B,AG-212,601,2026-01-15 10:00:09,Barcelona,Este,Alta,Activo
B-05,7,54,176,R,AG-018,501,2026-01-15 10:00:35,Ambato,Norte,Media,Verificado
B-05,8,56,154,G,AG-018,801,2026-01-15 09:59:30,Quito,Sur,Alta,Activo
B-04,16,31,234,G,AG-407,601,2026-01-15 10:01:36,Bogotá,Oeste,Alta,Activo
B-05,12,56,154,G,AG-553,501,2026-01-15 09:57:19,Quito,Este,Baja,Activo
B-07,6,40,156,B,AG-896,401,2026-01-15 09:59:57,Barcelona,Norte,Alta,Verificado
B-05,9,55,146,R,AG-018,901,2026-01-15 10:00:17,Quito,Norte,Baja,Pendiente
B-01,12,55,222,G,AG-002,101,2026-01-15 09:58:39,Bogotá,Norte,Crítica,Inactivo
B-06,8,56,288,R,AG-021,201,2026-01-15 10:00:20,Quito,Norte,Media,Verificado
B-05,12,52,137,G,AG-276,801,2026-01-15 09:59:05,Ambato,Norte,Media,Pendiente
B-04,12,54,250,G,AG-012,401,2026-01-15 09:56:42,Cali,Oeste,Media,Verificado
B-03,13,49,143,R,AG-856,601,2026-01-15 10:01:53,Porto,Norte,Baja,Activo
B-04,15,45,214,B,AG-410,201,2026-01-15 09:59:35,Bogotá,Norte,Crítica,Verificado
B-01,11,56,191,B,AG-001,101,2026-01-15 09:58:21,Caracas,Este,Baja,Activo
B-01,14,62,175,G,AG-788,501,2026-01-15 09:59:27,Bogotá,Centro,Crítica,Activo
B-06,15,37,238,R,AG-906,901,2026-01-15 09:59:05,La Paz,Sur,Media,Activo
B-06,12,47,238,R,AG-557,201,2026-01-15 10:00:56,Quito,Norte,Alta,Activo
B-02,14,42,186,B,AG-449,501,2026-01-15 10:02:06,Madrid,Oeste,Baja,Pendiente
B-01,17,62,211,G,AG-720,101,2026-01-15 10:01:12,Bogotá,Norte,Crítica,Pendiente
B-01,12,57,264,G,AG-003,101,2026-01-15 10:00:13,Bogotá,Centro,Media,Activo
B-07,5,61,191,G,AG-023,201,2026-01-15 10:00:24,Barcelona,Sur,Alta,Pendiente
B-02,16,41,129,R,AG-703,301,2026-01-15 09:59:36,Valencia,Este,Baja,Inactivo
B-04,17,38,279,B,AG-141,201,2026-01-15 10:01:36,Bogotá,Sur,Alta,Activo
B-06,18,43,300,G,AG-974,501,2026-01-15 10:00:47,Lima,Centro,Crítica,Activo
B-03,10,46,193,G,AG-595,201,2026-01-15 09:59:13,Madrid,Centro,Alta,Pendiente
B-02,13,43,150,R,AG-158,501,2026-01-15 10:01:09,Valencia,Oeste,Media,Verificado
B-03,16,63,191,G,AG-010,201,2026-01-15 10:02:02,Porto,Este,Baja,Pendiente
B-05,11,66,162,G,AG-017,701,2026-01-15 09:58:29,Ambato,Norte,Baja,Activo
B-03,14,60,159,R,AG-011,201,2026-01-15 09:59:04,Madrid,Centro,Media,Activo
B-04,14,52,263,G,AG-013,601,2026-01-15 09:59:45,Bogotá,Oeste,Alta,Inactivo
B-04,9,54,261,G,AG-012,201,2026-01-15 10:00:49,Bogotá,Sur,Media,Activo
B-01,5,38,177,G,AG-183,301,2026-01-15 10:00:47,Madrid,Centro,Crítica,Verificado
B-01,9,46,215,G,AG-330,601,2026-01-15 10:01:14,Bogotá,Norte,Alta,Activo
B-04,12,54,210,B,AG-358,601,2026-01-15 09:57:45,Bogotá,Este,Baja,Verificado
B-05,10,58,185,B,AG-016,201,2026-01-15 10:02:19,Ambato,Sur,Alta,Activo
B-01,9,43,205,G,AG-519,301,2026-01-15 10:01:23,Bogotá,Oeste,Media,Activo
B-07,13,47,119,B,AG-235,801,2026-01-15 09:59:16,Málaga,Norte,Baja,Activo
B-04,11,54,250,R,AG-012,201,2026-01-15 10:00:47,Bogotá,Oeste,Alta,Verificado
B-06,17,46,226,G,AG-281,801,2026-01-15 10:01:10,Quito,Oeste,Alta,Inactivo
B-07,8,54,159,G,AG-022,201,2026-01-15 10:00:31,Valencia,Norte,Baja,Inactivo
B-01,15,58,187,G,AG-003,501,2026-01-15 09:59:27,Caracas,Este,Alta,Verificado
B-06,12,50,193,G,AG-378,601,2026-01-15 09:58:53,Quito,Norte,Crítica,Inactivo
B-01,13,67,170,R,AG-003,101,2026-01-15 09:59:27,Caracas,Este,Crítica,Verificado
B-02,18,43,191,R,AG-835,501,2026-01-15 10:01:59,Sevilla,Norte,Media,Verificado
B-01,13,51,159,G,AG-004,701,2026-01-15 09:59:27,Bogotá,Norte,Alta,Activo
B-04,13,48,229,G,AG-342,201,2026-01-15 09:59:06,Bogotá,Norte,Media,Pendiente
B-03,13,45,177,B,AG-721,101,2026-01-15 10:00:08,Madrid,Oeste,Alta,Activo
B-02,13,52,166,B,AG-005,601,2026-01-15 10:00:56,Sevilla,Norte,Baja,Verificado
B-06,12,47,279,B,AG-607,201,2026-01-15 09:59:21,La Paz,Este,Crítica,Activo
B-02,12,53,155,R,AG-006,501,2026-01-15 09:59:59,Valencia,Oeste,Alta,Activo
B-07,17,39,226,R,AG-530,401,2026-01-15 10:00:35,Málaga,Sur,Alta,Inactivo
B-06,15,55,257,R,AG-021,701,2026-01-15 10:00:51,Santiago,Este,Baja,Verificado
B-01,12,52,207,B,AG-002,101,2026-01-15 09:58:43,Madrid,Oeste,Media,Pendiente
B-06,14,47,285,G,AG-352,801,2026-01-15 10:01:46,La Paz,Sur,Media,Activo
B-03,17,65,156,R,AG-603,701,2026-01-15 09:59:12,Madrid,Este,Alta,Pendiente
B-05,11,56,183,G,AG-018,101,2026-01-15 10:00:07,Guayaquil,Norte,Alta,Inactivo
B-05,11,63,151,G,AG-017,101,2026-01-15 09:58:50,Cuenca,Oeste,Crítica,Inactivo
B-05,6,48,180,G,AG-826,201,2026-01-15 09:59:58,Quito,Oeste,Crítica,Verificado
B-02,14,48,169,G,AG-764,501,2026-01-15 10:01:57,Sevilla,Sur,Baja,Verificado
B-05,10,52,152,R,AG-018,901,2026-01-15 10:01:26,Ambato,Sur,Media,Verificado
B-02,13,61,194,R,AG-005,501,2026-01-15 09:59:50,Barcelona,Este,Crítica,Activo
B-05,5,45,152,G,AG-823,701,2026-01-15 09:58:47,Cuenca,Norte,Crítica,Activo
B-04,13,48,247,G,AG-297,201,2026-01-15 10:01:32,Cartagena,Norte,Alta,Activo
B-04,12,50,184,B,AG-514,201,2026-01-15 10:01:52,Bogotá,Oeste,Baja,Pendiente
B-02,12,45,189,B,AG-952,201,2026-01-15 10:00:54,Madrid,Oeste,Media,Inactivo
B-06,11,52,249,R,AG-262,201,2026-01-15 09:59:10,Quito,Oeste,Crítica,Activo
B-06,9,62,219,R,AG-021,601,2026-01-15 10:00:28,Santiago,Oeste,Baja,Pendiente
B-02,11,55,222,G,AG-007,101,2026-01-15 10:00:51,Valencia,Este,Alta,Pendiente
B-07,11,48,215,G,AG-687,801,2026-01-15 09:59:09,Barcelona,Oeste,Alta,Activo
B-02,19,35,121,G,AG-604,501,2026-01-15 10:00:54,Madrid,Este,Media,Verificado
B-02,12,41,197,G,AG-904,701,2026-01-15 10:00:25,Barcelona,Sur,Media,Inactivo
B-04,15,46,236,G,AG-960,301,2026-01-15 10:00:01,Bogotá,Oeste,Crítica,Pendiente
B-05,12,65,215,G,AG-016,501,2026-01-15 10:00:08,Ambato,Oeste,Alta,Pendiente
B-03,17,53,211,B,AG-011,601,2026-01-15 10:00:38,Bilbao,Oeste,Baja,Pendiente
B-05,11,54,147,G,AG-016,501,2026-01-15 10:03:06,Quito,Este,Media,Pendiente
B-04,15,38,215,G,AG-810,201,2026-01-15 09:58:49,Bogotá,Centro,Baja,Pendiente
B-06,11,43,237,R,AG-185,501,2026-01-15 09:59:36,La Paz,Norte,Baja,Pendiente
B-06,15,49,217,R,AG-601,201,2026-01-15 10:00:24,Lima,Este,Media,Activo
B-01,16,70,210,G,AG-002,601,2026-01-15 09:58:26,Caracas,Centro,Alta,Verificado
B-04,13,51,281,G,AG-672,201,2026-01-15 09:59:26,Cartagena,Este,Alta,Pendiente
B-03,16,57,180,R,AG-011,201,2026-01-15 09:59:48,Madrid,Este,Media,Verificado
B-01,10,53,186,G,AG-004,101,2026-01-15 09:59:33,Caracas,Sur,Crítica,Verificado
B-07,5,62,190,R,AG-022,401,2026-01-15 09:58:24,Barcelona,Centro,Crítica,Pendiente
B-07,6,56,128,G,AG-024,201,2026-01-15 10:02:47,Valencia,Norte,Crítica,Inactivo
B-04,15,49,252,R,AG-886,601,2026-01-15 09:58:33,Cartagena,Sur,Crítica,Verificado
B-07,9,35,176,G,AG-551,401,2026-01-15 09:59:05,Barcelona,Centro,Baja,Inactivo
B-01,10,51,156,G,AG-004,401,2026-01-15 10:00:34,Bogotá,Este,Media,Inactivo
B-02,12,52,146,R,AG-007,501,2026-01-15 10:00:07,Madrid,Sur,Media,Pendiente
B-01,12,54,202,G,AG-003,501,2026-01-15 10:00:35,Madrid,Norte,Baja,Activo
B-07,14,37,132,G,AG-549,401,2026-01-15 10:02:02,Málaga,Sur,Media,Inactivo
B-06,13,54,245,R,AG-019,101,2026-01-15 10:02:14,Quito,Norte,Media,Verificado
B-04,14,47,235,G,AG-984,301,2026-01-15 09:58:30,Cartagena,Centro,Crítica,Activo
B-03,14,60,206,R,AG-009,201,2026-01-15 09:57:49,Madrid,Sur,Crítica,Activo
B-04,14,52,266,G,AG-015,501,2026-01-15 09:56:57,Bogotá,Este,Media,Activo
B-07,10,47,160,R,AG-876,501,2026-01-15 09:59:08,Málaga,Sur,Crítica,Activo
B-03,13,47,187,R,AG-566,201,2026-01-15 10:00:21,Madrid,Este,Media,Verificado
B-01,11,49,185,B,AG-465,101,2026-01-15 10:00:35,Bogotá,Sur,Alta,Activo
B-03,8,40,180,B,AG-817,701,2026-01-15 09:58:42,Madrid,Norte,Alta,Inactivo
B-06,14,46,239,R,AG-903,201,2026-01-15 10:01:57,Santiago,Este,Crítica,Inactivo
B-04,16,45,202,B,AG-997,201,2026-01-15 10:00:04,Cali,Oeste,Baja,Activo
B-03,18,63,171,R,AG-010,901,2026-01-15 10:00:29,Madrid,Oeste,Media,Activo
B-06,10,54,222,B,AG-021,101,2026-01-15 10:01:10,Santiago,Centro,Baja,Inactivo
B-02,15,44,198,R,AG-863,501,2026-01-15 09:58:25,Sevilla,Centro,Baja,Activo
B-01,16,68,125,G,AG-003,401,2026-01-15 10:01:28,Bogotá,Centro,Crítica,Inactivo
B-03,15,59,170,R,AG-009,901,2026-01-15 09:58:47,Lisboa,Este,Crítica,Inactivo
B-05,11,56,174,G,AG-016,901,2026-01-15 10:01:12,Guayaquil,Centro,Baja,Verificado
B-03,10,40,173,R,AG-531,701,2026-01-15 10:00:46,Madrid,Centro,Alta,Activo
B-02,15,47,197,R,AG-168,501,2026-01-15 10:01:12,Sevilla,Sur,Baja,Activo
B-02,14,41,201,G,AG-809,601,2026-01-15 10:02:05,Sevilla,Sur,Baja,Inactivo
B-06,12,53,298,B,AG-020,301,2026-01-15 10:00:53,Quito,Este,Crítica,Pendiente
B-01,9,53,201,R,AG-576,101,2026-01-15 09:59:52,Madrid,Centro,Crítica,Activo
B-05,12,59,207,R,AG-016,501,2026-01-15 10:00:28,Quito,Centro,Baja,Activo
B-06,11,54,287,R,AG-019,101,2026-01-15 09:59:16,Quito,Oeste,Media,Activo
B-04,13,37,291,G,AG-329,201,2026-01-15 09:58:28,Bogotá,Centro,Media,Pendiente
B-07,9,50,233,G,AG-621,401,2026-01-15 09:59:05,Málaga,Este,Baja,Inactivo
B-04,11,53,199,R,AG-015,401,2026-01-15 10:00:59,Bogotá,Norte,Media,Verificado
B-06,11,46,249,G,AG-596,601,2026-01-15 10:01:12,Quito,Norte,Crítica,Inactivo
B-02,13,46,203,B,AG-960,301,2026-01-15 09:58:13,Madrid,Norte,Media,Activo
B-04,20,30,265,B,AG-703,101,2026-01-15 09:59:16,Bogotá,Norte,Baja,Inactivo
B-06,12,57,182,B,AG-021,901,2026-01-15 09:58:54,Quito,Sur,Baja,Verificado
B-04,14,48,241,G,AG-922,201,2026-01-15 09:59:48,Medellín,Oeste,Crítica,Pendiente
B-07,6,52,173,G,AG-024,901,2026-01-15 09:59:25,Valencia,Norte,Crítica,Verificado
B-05,10,50,157,G,AG-769,301,2026-01-15 10:00:05,Ambato,Este,Alta,Inactivo
B-07,5,64,154,R,AG-023,401,2026-01-15 10:00:20,Málaga,Norte,Crítica,Pendiente
B-02,15,41,160,B,AG-613,701,2026-01-15 10:00:11,Madrid,Centro,Media,Activo
B-07,5,60,173,G,AG-023,301,2026-01-15 09:59:41,Barcelona,Norte,Baja,Pendiente
B-05,10,55,160,B,AG-017,201,2026-01-15 09:59:25,Guayaquil,Centro,Crítica,Verificado
B-04,20,33,242,R,AG-858,201,2026-01-15 10:03:44,Bogotá,Sur,Baja,Verificado
B-04,17,35,272,R,AG-139,901,2026-01-15 10:00:16,Bogotá,Este,Crítica,Activo
B-06,14,49,278,R,AG-936,201,2026-01-15 10:02:00,La Paz,Sur,Baja,Pendiente
B-05,10,60,146,G,AG-018,501,2026-01-15 10:02:00,Quito,Norte,Crítica,Inactivo
B-02,16,48,204,G,AG-266,101,2026-01-15 09:59:55,Madrid,Este,Alta,Activo
B-01,13,56,174,B,AG-004,101,2026-01-15 09:58:30,Bogotá,Sur,Baja,Verificado
B-04,15,36,251,G,AG-191,901,2026-01-15 10:00:07,Cali,Norte,Crítica,Activo
B-02,12,41,173,R,AG-338,601,2026-01-15 09:59:58,Sevilla,Centro,Alta,Pendiente
B-07,11,42,184,B,AG-987,801,2026-01-15 09:59:50,Barcelona,Centro,Crítica,Pendiente
B-03,17,67,169,R,AG-009,201,2026-01-15 10:00:06,Madrid,Centro,Media,Verificado
B-06,13,59,222,G,AG-021,701,2026-01-15 10:00:26,La Paz,Sur,Baja,Inactivo
B-03,14,56,168,G,AG-819,201,2026-01-15 09:59:14,Madrid,Oeste,Alta,Inactivo
B-06,9,59,219,R,AG-020,901,2026-01-15 09:59:18,Quito,Norte,Media,Verificado
B-01,13,45,207,G,AG-125,101,2026-01-15 10:02:15,Lima,Norte,Alta,Inactivo
B-06,12,58,269,R,AG-283,501,2026-01-15 10:01:27,Quito,Oeste,Crítica,Activo
B-01,12,61,236,G,AG-004,101,2026-01-15 10:00:50,Bogotá,Sur,Media,Inactivo
B-03,12,46,209,R,AG-489,201,2026-01-15 10:00:09,Porto,Oeste,Alta,Activo
B-04,14,42,279,R,AG-354,301,2026-01-15 09:59:36,Bogotá,Oeste,Media,Verificado
B-01,12,51,232,R,AG-003,401,2026-01-15 09:59:51,Lima,Sur,Alta,Inactivo
B-07,8,37,177,G,AG-895,401,2026-01-15 09:58:57,Barcelona,Sur,Media,Inactivo
B-06,13,48,283,B,AG-231,701,2026-01-15 10:01:02,Quito,Este,Baja,Pendiente
